source_id,title,genre,sub_genre,language,year,runtime,rating,director,cast,country,description,keywords,age_rating,awards,source_file,merged_from,genres,sub_genres,cast_list,directors,keyword_list,era,runtime_band,decade,age_level,age_band,has_awards,moods,primary_genre,is_indian,movie_id
DR-028,12 Years a Slave,Biography/Drama/History,Historical Drama,English,2013,134,8.1,Steve McQueen,"Chiwetel Ejiofor, Michael Fassbender, Lupita Nyong'o",USA,A free Black man is kidnapped and sold into slavery in 1841 and fights to reclaim his freedom.,"slavery, kidnapping, true story, antebellum, freedom",R,3 Academy Awards including Best Picture,movies_3.xlsx,1,Biography|Drama|History,Historical Drama,Chiwetel Ejiofor|Michael Fassbender|Lupita Nyong'o,Steve McQueen,slavery|kidnapping|true story|antebellum|freedom,2010s,Standard,2010s,4,Adults,True,social-lens|epic-scale,Biography,False,m0000
IN-041,12th Fail,"Biography, Drama",Inspirational Biopic,Hindi,2023,147,8.8,Vidhu Vinod Chopra,"Vikrant Massey, Medha Shankar, Anant Joshi",India,An underdog from a poor family struggles to clear the civil services exam and become an IPS officer.,"upsc, ips officer, perseverance, poverty, inspiration",Not rated,Filmfare Best Film,movies_1.xlsx,1,Biography|Drama,Inspirational Biopic,Vikrant Massey|Medha Shankar|Anant Joshi,Vidhu Vinod Chopra,upsc|ips officer|perseverance|poverty|inspiration,Contemporary,Long,2020s,2,Teens,True,social-lens,Biography,True,m0001
DR-020,1917,Drama/War/Thriller,War Thriller,English,2019,119,8.2,Sam Mendes,"George MacKay, Dean-Charles Chapman, Mark Strong",UK,"Two young British soldiers race across enemy territory to deliver a message that could save 1,600 men.","world war i, trenches, single shot, messenger, mission",R,3 Academy Awards,movies_3.xlsx,1,Drama|War|Thriller,War Thriller,George MacKay|Dean-Charles Chapman|Mark Strong,Sam Mendes,world war i|trenches|single shot|messenger|mission,2010s,Standard,2010s,4,Adults,True,epic-scale|edge-of-seat,Drama,False,m0002
IN-001,3 Idiots,"Comedy, Drama",Coming-of-Age Comedy,Hindi,2009,170,8.4,Rajkumar Hirani,"Aamir Khan, R. Madhavan, Sharman Joshi",India,Three engineering students push back against a rigid college system while a free-thinking friend redefines what success means.,"engineering college, friendship, education, pressure, inspiration",U/A,Filmfare Best Film,movies_1.xlsx + movies_4.xlsx,2,Comedy|Drama,Coming-of-Age Comedy,Aamir Khan|R. Madhavan|Sharman Joshi,Rajkumar Hirani,engineering college|friendship|education|pressure|inspiration,2000s,Epic,2000s,1,Guidance,True,feel-good|social-lens,Comedy,True,m0003
DR-025,A Beautiful Mind,Biography/Drama,Biographical Drama,English,2001,135,8.2,Ron Howard,"Russell Crowe, Ed Harris, Jennifer Connelly",USA,A brilliant mathematician's life is upended as he battles delusions while pursuing his genius.,"mathematician, nobel prize, genius, princeton, true story",PG-13,4 Academy Awards including Best Picture,movies_3.xlsx,1,Biography|Drama,Biographical Drama,Russell Crowe|Ed Harris|Jennifer Connelly,Ron Howard,mathematician|nobel prize|genius|princeton|true story,2000s,Standard,2000s,2,Teens,True,,Biography,False,m0004
DR-039,A Quiet Place,Drama/Horror/Sci-Fi,Creature Horror,English,2018,90,7.5,John Krasinski,"Emily Blunt, John Krasinski, Millicent Simmonds",USA,A family lives in silence to hide from creatures that hunt by sound.,"silence, creatures, family, survival, post apocalypse",PG-13,No major awards listed,movies_3.xlsx,1,Drama|Horror|Sci-Fi,Creature Horror,Emily Blunt|John Krasinski|Millicent Simmonds,John Krasinski,silence|creatures|family|survival|post apocalypse,2010s,Short,2010s,2,Teens,False,edge-of-seat|wonder,Drama,False,m0005
HW-028,Alien,Horror|Sci-Fi,Sci-Fi Horror,English,1979,117,8.5,Ridley Scott,"Sigourney Weaver, Tom Skerritt, John Hurt",UK,The crew of a commercial spaceship is hunted by a deadly creature after answering a distress signal.,"xenomorph, spaceship, survival, creature, claustrophobic",R,Academy Award Best Visual Effects,movies_2.xlsx,1,Horror|Sci-Fi,Sci-Fi Horror,Sigourney Weaver|Tom Skerritt|John Hurt,Ridley Scott,xenomorph|spaceship|survival|creature|claustrophobic,New Wave,Standard,1970s,4,Adults,True,wonder|edge-of-seat,Horror,False,m0006
HW-029,Aliens,Action|Adventure|Sci-Fi,Sci-Fi Action,English,1986,137,8.4,James Cameron,"Sigourney Weaver, Michael Biehn, Carrie Henn",USA,Ripley returns to the alien-infested moon with a squad of marines to face a hive of xenomorphs.,"xenomorph, marines, survival, space, ripley",R,2 Academy Awards,movies_2.xlsx,1,Action|Adventure|Sci-Fi,Sci-Fi Action,Sigourney Weaver|Michael Biehn|Carrie Henn,James Cameron,xenomorph|marines|survival|space|ripley,New Wave,Long,1980s,4,Adults,True,edge-of-seat|epic-scale,Action,False,m0007
MX-038,Amelie,"Comedy, Romance",Whimsical Romance,French,2001,122,8.3,Jean-Pierre Jeunet,"Audrey Tautou, Mathieu Kassovitz, Rufus",France,A shy Parisian waitress secretly improves the lives of those around her while searching for love.,"paris, whimsical, kindness, love, montmartre",R,No major awards listed,movies_4.xlsx,1,Comedy|Romance,Whimsical Romance,Audrey Tautou|Mathieu Kassovitz|Rufus,Jean-Pierre Jeunet,paris|whimsical|kindness|love|montmartre,2000s,Standard,2000s,4,Adults,False,feel-good,Comedy,False,m0008
DR-031,American History X,Crime/Drama,Social Drama,English,1998,119,8.5,Tony Kaye,"Edward Norton, Edward Furlong, Beverly D'Angelo",USA,A reformed neo-Nazi tries to stop his younger brother from following the same path.,"racism, brothers, redemption, prison, violence",R,No major awards listed,movies_3.xlsx,1,Crime|Drama,Social Drama,Edward Norton|Edward Furlong|Beverly D'Angelo,Tony Kaye,racism|brothers|redemption|prison|violence,The Nineties,Standard,1990s,4,Adults,False,dark-and-gritty|social-lens,Crime,False,m0009
IN-045,Anand,"Drama, Comedy",Emotional Drama,Hindi,1971,122,8.6,Hrishikesh Mukherjee,"Rajesh Khanna, Amitabh Bachchan, Sumita Sanyal",India,A cheerful terminally ill man spreads joy while his doctor friend learns to value each moment.,"friendship, life, doctor, joy, classic",Not rated,Filmfare Best Film,movies_1.xlsx,1,Drama|Comedy,Emotional Drama,Rajesh Khanna|Amitabh Bachchan|Sumita Sanyal,Hrishikesh Mukherjee,friendship|life|doctor|joy|classic,New Wave,Standard,1970s,2,Teens,True,feel-good,Drama,True,m0010
IN-009,Andhadhun,"Thriller, Crime, Comedy",Dark Comedy Thriller,Hindi,2018,139,8.2,Sriram Raghavan,"Ayushmann Khurrana, Tabu, Radhika Apte",India,A pianist who pretends to be blind is pulled into a murder mystery that keeps twisting.,"pianist, murder, twist, black comedy, witness",U/A,National Award Best Hindi Film,movies_1.xlsx,1,Thriller|Crime|Comedy,Dark Comedy Thriller,Ayushmann Khurrana|Tabu|Radhika Apte,Sriram Raghavan,pianist|murder|twist|black comedy|witness,2010s,Long,2010s,1,Guidance,True,dark-and-gritty|edge-of-seat|mind-bending,Thriller,True,m0011
DR-022,Apocalypse Now,Drama/Mystery/War,Vietnam War Drama,English,1979,147,8.4,Francis Ford Coppola,"Martin Sheen, Marlon Brando, Robert Duvall",USA,A soldier travels upriver in Vietnam to find and terminate a rogue colonel.,"vietnam war, river journey, madness, colonel, jungle",R,2 Academy Awards,movies_3.xlsx,1,Drama|Mystery|War,Vietnam War Drama,Martin Sheen|Marlon Brando|Robert Duvall,Francis Ford Coppola,vietnam war|river journey|madness|colonel|jungle,New Wave,Long,1970s,4,Adults,True,epic-scale,Drama,False,m0012
HW-031,Arrival,Drama|Sci-Fi|Mystery,Cerebral Sci-Fi,English,2016,116,7.9,Denis Villeneuve,"Amy Adams, Jeremy Renner, Forest Whitaker",USA,A linguist is recruited to communicate with aliens whose ships have landed around the world.,"aliens, linguistics, time, communication, first contact",PG-13,Academy Award Best Sound Editing,movies_2.xlsx,1,Drama|Sci-Fi|Mystery,Cerebral Sci-Fi,Amy Adams|Jeremy Renner|Forest Whitaker,Denis Villeneuve,aliens|linguistics|time|communication|first contact,2010s,Standard,2010s,2,Teens,True,,Drama,False,m0013
HW-006,Avatar,Action|Adventure|Sci-Fi,Sci-Fi Epic,English,2009,162,7.9,James Cameron,"Sam Worthington, Zoe Saldana, Sigourney Weaver",USA,A paralysed marine joins an alien world's native people and must choose between two sides in a colonial conflict.,"pandora, alien, colonialism, na'vi, environment",PG-13,3 Academy Awards,movies_2.xlsx,1,Action|Adventure|Sci-Fi,Sci-Fi Epic,Sam Worthington|Zoe Saldana|Sigourney Weaver,James Cameron,pandora|alien|colonialism|na'vi|environment,2000s,Long,2000s,2,Teens,True,epic-scale,Action,False,m0014
HW-017,Avengers: Endgame,Action|Adventure|Sci-Fi,Superhero Epic,English,2019,181,8.4,Anthony Russo & Joe Russo,"Robert Downey Jr., Chris Evans, Mark Ruffalo",USA,"The surviving Avengers attempt a final, desperate plan to undo the damage caused by Thanos.","superhero, marvel, thanos, time travel, avengers",PG-13,No major awards listed,movies_2.xlsx,1,Action|Adventure|Sci-Fi,Superhero Epic,Robert Downey Jr.|Chris Evans|Mark Ruffalo,Anthony Russo|Joe Russo,superhero|marvel|thanos|time travel|avengers,2010s,Epic,2010s,2,Teens,False,epic-scale|mind-bending,Action,False,m0015
HW-018,Avengers: Infinity War,Action|Adventure|Sci-Fi,Superhero Epic,English,2018,149,8.4,Anthony Russo & Joe Russo,"Robert Downey Jr., Chris Hemsworth, Josh Brolin",USA,Earth's heroes unite with allies across the galaxy to stop Thanos from collecting the Infinity Stones.,"superhero, marvel, thanos, infinity stones, avengers",PG-13,No major awards listed,movies_2.xlsx,1,Action|Adventure|Sci-Fi,Superhero Epic,Robert Downey Jr.|Chris Hemsworth|Josh Brolin,Anthony Russo|Joe Russo,superhero|marvel|thanos|infinity stones|avengers,2010s,Long,2010s,2,Teens,False,epic-scale,Action,False,m0016
IN-023,Baahubali 2: The Conclusion,"Action, Fantasy, Drama",Historical Fantasy,Telugu,2017,167,8.2,S. S. Rajamouli,"Prabhas, Rana Daggubati, Anushka Shetty",India,"The story of Baahubali's betrayal is revealed, leading his son to a final showdown for the throne.","kingdom, betrayal, epic, prince, mahishmati",U/A,National Award Best Action Direction,movies_1.xlsx,1,Action|Fantasy|Drama,Historical Fantasy,Prabhas|Rana Daggubati|Anushka Shetty,S. S. Rajamouli,kingdom|betrayal|epic|prince|mahishmati,2010s,Epic,2010s,1,Guidance,True,epic-scale|wonder|dark-and-gritty,Action,True,m0017
IN-022,Baahubali: The Beginning,"Action, Fantasy, Drama",Historical Fantasy,Telugu,2015,159,8.0,S. S. Rajamouli,"Prabhas, Rana Daggubati, Anushka Shetty",India,A young man learns his royal heritage and sets out to reclaim a kingdom from a tyrant.,"kingdom, warrior, epic, prince, mahishmati",U/A,National Award Best Feature Film,movies_1.xlsx,1,Action|Fantasy|Drama,Historical Fantasy,Prabhas|Rana Daggubati|Anushka Shetty,S. S. Rajamouli,kingdom|warrior|epic|prince|mahishmati,2010s,Long,2010s,1,Guidance,True,epic-scale|wonder,Action,True,m0018
HW-016,Back to the Future,Adventure|Comedy|Sci-Fi,Time Travel Comedy,English,1985,116,8.5,Robert Zemeckis,"Michael J. Fox, Christopher Lloyd, Lea Thompson",USA,A teenager travels to 1955 in a time machine car and must make sure his parents fall in love.,"time travel, delorean, 1950s, teenager, inventor",PG,Academy Award Best Sound Effects Editing,movies_2.xlsx,1,Adventure|Comedy|Sci-Fi,Time Travel Comedy,Michael J. Fox|Christopher Lloyd|Lea Thompson,Robert Zemeckis,time travel|delorean|1950s|teenager|inventor,New Wave,Standard,1980s,1,Guidance,True,mind-bending|feel-good,Adventure,False,m0019
IN-021,Barfi!,"Comedy, Drama, Romance",Romantic Comedy Drama,Hindi,2012,151,8.1,Anurag Basu,"Ranbir Kapoor, Priyanka Chopra, Ileana D'Cruz",India,A cheerful hearing-and-speech impaired man and two women are tied together by love and a kidnapping plot.,"darjeeling, silent comedy, love triangle, kidnapping, charlie chaplin",U/A,Filmfare Best Film,movies_1.xlsx,1,Comedy|Drama|Romance,Romantic Comedy Drama,Ranbir Kapoor|Priyanka Chopra|Ileana D'Cruz,Anurag Basu,darjeeling|silent comedy|love triangle|kidnapping|charlie chaplin,2010s,Long,2010s,1,Guidance,True,feel-good,Comedy,True,m0020
MX-023,Before Sunrise,"Drama, Romance",Talky Romance,English,1995,101,8.1,Richard Linklater,"Ethan Hawke, Julie Delpy, Andrea Eckert",USA,Two strangers meet on a train and spend one night walking and talking in Vienna.,"vienna, one night, conversation, train, romance",R,No major awards listed,movies_4.xlsx,1,Drama|Romance,Talky Romance,Ethan Hawke|Julie Delpy|Andrea Eckert,Richard Linklater,vienna|one night|conversation|train|romance,The Nineties,Standard,1990s,4,Adults,False,feel-good,Drama,False,m0021
IN-036,Bhool Bhulaiyaa,"Comedy, Horror, Mystery",Horror Comedy,Hindi,2007,159,7.3,Priyadarshan,"Akshay Kumar, Vidya Balan, Shiney Ahuja",India,A psychiatrist investigates strange happenings at an ancestral mansion said to be haunted.,"haunted mansion, psychiatrist, ghost, ancestral home, mystery",Not rated,No major awards listed,movies_1.xlsx,1,Comedy|Horror|Mystery,Horror Comedy,Akshay Kumar|Vidya Balan|Shiney Ahuja,Priyadarshan,haunted mansion|psychiatrist|ghost|ancestral home|mystery,2000s,Long,2000s,2,Teens,False,,Comedy,True,m0022
HW-019,Black Panther,Action|Adventure|Sci-Fi,Superhero Drama,English,2018,134,7.3,Ryan Coogler,"Chadwick Boseman, Michael B. Jordan, Lupita Nyong'o",USA,The new king of Wakanda defends his hidden nation from a challenger with a claim to the throne.,"wakanda, superhero, marvel, king, africa",PG-13,3 Academy Awards,movies_2.xlsx,1,Action|Adventure|Sci-Fi,Superhero Drama,Chadwick Boseman|Michael B. Jordan|Lupita Nyong'o,Ryan Coogler,wakanda|superhero|marvel|king|africa,2010s,Standard,2010s,2,Teens,True,,Action,False,m0023
DR-044,Black Swan,Drama/Thriller,Psychological Thriller,English,2010,108,8.0,Darren Aronofsky,"Natalie Portman, Mila Kunis, Vincent Cassel",USA,A dedicated ballerina's pursuit of perfection in Swan Lake blurs into paranoia and obsession.,"ballet, obsession, perfection, rivalry, psychological",R,Academy Award Best Actress,movies_3.xlsx,1,Drama|Thriller,Psychological Thriller,Natalie Portman|Mila Kunis|Vincent Cassel,Darren Aronofsky,ballet|obsession|perfection|rivalry|psychological,2010s,Standard,2010s,4,Adults,True,mind-bending|edge-of-seat,Drama,False,m0024
HW-027,Blade Runner,Sci-Fi|Thriller,Neo-Noir Sci-Fi,English,1982,117,8.1,Ridley Scott,"Harrison Ford, Rutger Hauer, Sean Young",USA,A weary detective is forced to hunt four rogue androids in a rain-soaked future Los Angeles.,"replicants, dystopia, detective, androids, cyberpunk",R,No major awards listed,movies_2.xlsx,1,Sci-Fi|Thriller,Neo-Noir Sci-Fi,Harrison Ford|Rutger Hauer|Sean Young,Ridley Scott,replicants|dystopia|detective|androids|cyberpunk,New Wave,Standard,1980s,4,Adults,False,dark-and-gritty,Sci-Fi,False,m0025
HW-026,Blade Runner 2049,Sci-Fi|Drama|Mystery,Neo-Noir Sci-Fi,English,2017,164,8.0,Denis Villeneuve,"Ryan Gosling, Harrison Ford, Ana de Armas",USA,A new blade runner uncovers a long-buried secret that could plunge society into chaos.,"replicants, dystopia, artificial intelligence, detective, future",R,2 Academy Awards,movies_2.xlsx,1,Sci-Fi|Drama|Mystery,Neo-Noir Sci-Fi,Ryan Gosling|Harrison Ford|Ana de Armas,Denis Villeneuve,replicants|dystopia|artificial intelligence|detective|future,2010s,Long,2010s,4,Adults,True,dark-and-gritty,Sci-Fi,False,m0026
DR-029,Braveheart,Biography/Drama/History/War,Medieval War Epic,English,1995,178,8.3,Mel Gibson,"Mel Gibson, Sophie Marceau, Patrick McGoohan",USA,William Wallace leads the Scots in a rebellion against English rule.,"scotland, rebellion, william wallace, medieval, battle",R,5 Academy Awards including Best Picture,movies_3.xlsx,1,Biography|Drama|History|War,Medieval War Epic,Mel Gibson|Sophie Marceau|Patrick McGoohan,Mel Gibson,scotland|rebellion|william wallace|medieval|battle,The Nineties,Epic,1990s,4,Adults,True,epic-scale,Biography,False,m0027
MX-027,Casablanca,"Drama, Romance, War",Classic Romance,English,1942,102,8.5,Michael Curtiz,"Humphrey Bogart, Ingrid Bergman, Paul Henreid",USA,A cynical nightclub owner in wartime Morocco must choose between love and helping a resistance leader escape.,"world war ii, morocco, nightclub, love triangle, classic",PG,3 Academy Awards including Best Picture,movies_4.xlsx,1,Drama|Romance|War,Classic Romance,Humphrey Bogart|Ingrid Bergman|Paul Henreid,Michael Curtiz,world war ii|morocco|nightclub|love triangle|classic,Classic,Standard,1940s,1,Guidance,True,epic-scale,Drama,False,m0028
IN-038,Chhichhore,"Comedy, Drama",College Comedy Drama,Hindi,2019,143,8.1,Nitesh Tiwari,"Sushant Singh Rajput, Shraddha Kapoor, Varun Sharma",India,Old college friends reunite and share hostel stories to help a son cope with failure.,"college friends, hostel, failure, reunion, resilience",U/A,National Award Best Hindi Film,movies_1.xlsx,1,Comedy|Drama,College Comedy Drama,Sushant Singh Rajput|Shraddha Kapoor|Varun Sharma,Nitesh Tiwari,college friends|hostel|failure|reunion|resilience,2010s,Long,2010s,1,Guidance,True,feel-good,Comedy,True,m0029
MX-039,Cinema Paradiso,"Drama, Romance",Nostalgic Drama,Italian,1988,155,8.5,Giuseppe Tornatore,"Philippe Noiret, Salvatore Cascio, Jacques Perrin",Italy,A filmmaker recalls his boyhood friendship with a projectionist in a small Sicilian cinema.,"cinema, nostalgia, sicily, friendship, film love",Not rated,Academy Award Best Foreign Language Film,movies_4.xlsx,1,Drama|Romance,Nostalgic Drama,Philippe Noiret|Salvatore Cascio|Jacques Perrin,Giuseppe Tornatore,cinema|nostalgia|sicily|friendship|film love,New Wave,Long,1980s,2,Teens,True,feel-good,Drama,False,m0030
MX-046,City of God,"Crime, Drama",Gangster Drama,Portuguese,2002,130,8.6,Fernando Meirelles,"Alexandre Rodrigues, Leandro Firmino, Alice Braga",Brazil,Two boys growing up in a Rio favela take very different paths as gang violence escalates.,"favela, rio de janeiro, gangs, photography, poverty",R,No major awards listed,movies_4.xlsx,1,Crime|Drama,Gangster Drama,Alexandre Rodrigues|Leandro Firmino|Alice Braga,Fernando Meirelles,favela|rio de janeiro|gangs|photography|poverty,2000s,Standard,2000s,4,Adults,False,dark-and-gritty|social-lens,Crime,False,m0031
MX-005,Coco,"Animation, Adventure, Family",Family Musical Animation,English,2017,105,8.4,Lee Unkrich,"Anthony Gonzalez, Gael Garcia Bernal, Benjamin Bratt",USA,A boy who dreams of being a musician journeys into the Land of the Dead to uncover his family's history.,"day of the dead, music, family, mexico, afterlife",PG,2 Academy Awards,movies_4.xlsx,1,Animation|Adventure|Family,Family Musical Animation,Anthony Gonzalez|Gael Garcia Bernal|Benjamin Bratt,Lee Unkrich,day of the dead|music|family|mexico|afterlife,2010s,Standard,2010s,1,Guidance,True,wonder|feel-good,Animation,False,m0032
MX-045,"Crouching Tiger, Hidden Dragon","Action, Adventure, Drama, Romance",Wuxia Action,Mandarin,2000,120,7.9,Ang Lee,"Chow Yun-fat, Michelle Yeoh, Zhang Ziyi",Taiwan,Two warriors pursue a stolen sword through a world of martial arts and unspoken love.,"wuxia, martial arts, sword, china, romance",PG-13,4 Academy Awards,movies_4.xlsx,1,Action|Adventure|Drama|Romance,Wuxia Action,Chow Yun-fat|Michelle Yeoh|Zhang Ziyi,Ang Lee,wuxia|martial arts|sword|china|romance,2000s,Standard,2000s,2,Teens,True,feel-good,Action,False,m0033
IN-002,Dangal,"Biography, Drama, Sport",Sports Drama,Hindi,2016,161,8.3,Nitesh Tiwari,"Aamir Khan, Fatima Sana Shaikh, Sanya Malhotra",India,"A former wrestler trains his daughters to become world-class wrestlers, defying social expectations in rural Haryana.","wrestling, father daughter, women empowerment, haryana, commonwealth games",U,Filmfare Best Actor (Aamir Khan),movies_1.xlsx + movies_4.xlsx,2,Biography|Drama|Sport,Sports Drama,Aamir Khan|Fatima Sana Shaikh|Sanya Malhotra,Nitesh Tiwari,wrestling|father daughter|women empowerment|haryana|commonwealth games,2010s,Long,2010s,0,All ages,True,social-lens|tearjerker,Biography,True,m0034
HW-021,Die Hard,Action|Thriller,Action Thriller,English,1988,132,8.2,John McTiernan,"Bruce Willis, Alan Rickman, Bonnie Bedelia",USA,An off-duty cop battles terrorists who seize a Los Angeles skyscraper on Christmas Eve.,"skyscraper, terrorists, hostages, christmas, police",R,No major awards listed,movies_2.xlsx,1,Action|Thriller,Action Thriller,Bruce Willis|Alan Rickman|Bonnie Bedelia,John McTiernan,skyscraper|terrorists|hostages|christmas|police,New Wave,Standard,1980s,4,Adults,False,edge-of-seat,Action,False,m0035
IN-014,Dil Chahta Hai,"Comedy, Drama, Romance",Coming-of-Age Drama,Hindi,2001,183,8.1,Farhan Akhtar,"Aamir Khan, Saif Ali Khan, Akshaye Khanna",India,Three close friends drift apart and reunite as love and adulthood test their bond.,"friendship, goa, love, youth, urban life",U/A,National Award Best Hindi Film,movies_1.xlsx,1,Comedy|Drama|Romance,Coming-of-Age Drama,Aamir Khan|Saif Ali Khan|Akshaye Khanna,Farhan Akhtar,friendship|goa|love|youth|urban life,2000s,Epic,2000s,1,Guidance,True,feel-good,Comedy,True,m0036
IN-017,Dilwale Dulhania Le Jayenge,"Romance, Drama, Musical",Romantic Musical,Hindi,1995,189,8.0,Aditya Chopra,"Shah Rukh Khan, Kajol, Amrish Puri",India,"Two young Indians fall in love on a Europe trip, and he sets out to win over her strict father.","love story, europe, punjab, father, wedding",U,Filmfare Best Film,movies_1.xlsx,1,Romance|Drama|Musical,Romantic Musical,Shah Rukh Khan|Kajol|Amrish Puri,Aditya Chopra,love story|europe|punjab|father|wedding,The Nineties,Epic,1990s,0,All ages,True,feel-good,Romance,True,m0037
DR-047,Django Unchained,Drama/Western,Revenge Western,English,2012,165,8.5,Quentin Tarantino,"Jamie Foxx, Christoph Waltz, Leonardo DiCaprio",USA,A freed slave teams with a bounty hunter to rescue his wife from a brutal plantation owner.,"slavery, bounty hunter, revenge, american south, western",R,2 Academy Awards,movies_3.xlsx,1,Drama|Western,Revenge Western,Jamie Foxx|Christoph Waltz|Leonardo DiCaprio,Quentin Tarantino,slavery|bounty hunter|revenge|american south|western,2010s,Long,2010s,4,Adults,True,dark-and-gritty|social-lens,Drama,False,m0038
IN-011,Drishyam,"Thriller, Crime, Drama",Crime Mystery,Malayalam,2013,160,8.2,Jeethu Joseph,"Mohanlal, Meena, Asha Sharath",India,A cable operator uses ordinary details and a carefully built story to shield his family after a fatal accident.,"alibi, family, cover up, police, cable operator",Not rated,No major awards listed,movies_1.xlsx,1,Thriller|Crime|Drama,Crime Mystery,Mohanlal|Meena|Asha Sharath,Jeethu Joseph,alibi|family|cover up|police|cable operator,2010s,Long,2010s,2,Teens,False,dark-and-gritty,Thriller,True,m0039
IN-010,Drishyam,"Thriller, Crime, Drama",Crime Mystery,Hindi,2015,163,8.2,Nishikant Kamat,"Ajay Devgn, Tabu, Shriya Saran",India,A cable operator protects his family with an elaborate alibi after an accidental death involving a police officer's son.,"alibi, family, cover up, police, cable operator",U/A,No major awards listed,movies_1.xlsx,1,Thriller|Crime|Drama,Crime Mystery,Ajay Devgn|Tabu|Shriya Saran,Nishikant Kamat,alibi|family|cover up|police|cable operator,2010s,Long,2010s,1,Guidance,False,dark-and-gritty,Thriller,True,m0040
HW-024,Dune,Adventure|Sci-Fi|Drama,Space Epic,English,2021,155,8.0,Denis Villeneuve,"Timothee Chalamet, Rebecca Ferguson, Oscar Isaac",USA,A noble family takes control of a desert planet that holds the universe's most valuable resource.,"desert planet, spice, prophecy, house atreides, political intrigue",PG-13,6 Academy Awards,movies_2.xlsx,1,Adventure|Sci-Fi|Drama,Space Epic,Timothee Chalamet|Rebecca Ferguson|Oscar Isaac,Denis Villeneuve,desert planet|spice|prophecy|house atreides|political intrigue,Contemporary,Long,2020s,2,Teens,True,epic-scale,Adventure,False,m0041
HW-025,Dune: Part Two,Action|Adventure|Sci-Fi,Space Epic,English,2024,166,8.5,Denis Villeneuve,"Timothee Chalamet, Zendaya, Austin Butler",USA,Paul Atreides joins the Fremen to avenge his family and prevent a terrible future.,"desert planet, fremen, revenge, prophecy, war",PG-13,2 Academy Awards,movies_2.xlsx,1,Action|Adventure|Sci-Fi,Space Epic,Timothee Chalamet|Zendaya|Austin Butler,Denis Villeneuve,desert planet|fremen|revenge|prophecy|war,Contemporary,Epic,2020s,2,Teens,True,epic-scale|dark-and-gritty,Action,False,m0042
DR-021,Dunkirk,Action/Drama/History/War,War Epic,English,2017,106,7.8,Christopher Nolan,"Fionn Whitehead, Tom Hardy, Cillian Murphy",UK,Allied soldiers are surrounded on the beaches of Dunkirk and desperately await evacuation.,"dunkirk, evacuation, world war ii, air battle, survival",PG-13,3 Academy Awards,movies_3.xlsx,1,Action|Drama|History|War,War Epic,Fionn Whitehead|Tom Hardy|Cillian Murphy,Christopher Nolan,dunkirk|evacuation|world war ii|air battle|survival,2010s,Standard,2010s,2,Teens,True,epic-scale|edge-of-seat,Action,False,m0043
HW-034,Edge of Tomorrow,Action|Sci-Fi,Time Loop Action,English,2014,113,7.9,Doug Liman,"Tom Cruise, Emily Blunt, Bill Paxton",USA,A soldier caught in a time loop relives a brutal battle against an alien invasion until he learns to win.,"time loop, alien invasion, soldier, war, exosuit",PG-13,No major awards listed,movies_2.xlsx,1,Action|Sci-Fi,Time Loop Action,Tom Cruise|Emily Blunt|Bill Paxton,Doug Liman,time loop|alien invasion|soldier|war|exosuit,2010s,Standard,2010s,2,Teens,False,epic-scale,Action,False,m0044
MX-024,Eternal Sunshine of the Spotless Mind,"Drama, Romance, Sci-Fi",Romantic Sci-Fi,English,2004,108,8.3,Michel Gondry,"Jim Carrey, Kate Winslet, Tom Wilkinson",USA,"After a painful breakup, a man has his memories of his partner erased and begins to regret it.","memory erasure, breakup, love, mind bending, relationships",R,Academy Award Best Original Screenplay,movies_4.xlsx,1,Drama|Romance|Sci-Fi,Romantic Sci-Fi,Jim Carrey|Kate Winslet|Tom Wilkinson,Michel Gondry,memory erasure|breakup|love|mind bending|relationships,2000s,Standard,2000s,4,Adults,True,mind-bending,Drama,False,m0045
HW-030,Ex Machina,Drama|Sci-Fi|Thriller,Psychological Sci-Fi,English,2014,108,7.7,Alex Garland,"Domhnall Gleeson, Alicia Vikander, Oscar Isaac",UK,A programmer is invited to test the human qualities of a strikingly lifelike humanoid robot.,"artificial intelligence, turing test, robot, isolation, manipulation",R,Academy Award Best Visual Effects,movies_2.xlsx,1,Drama|Sci-Fi|Thriller,Psychological Sci-Fi,Domhnall Gleeson|Alicia Vikander|Oscar Isaac,Alex Garland,artificial intelligence|turing test|robot|isolation|manipulation,2010s,Standard,2010s,4,Adults,True,mind-bending,Drama,False,m0046
MX-034,Ferris Bueller's Day Off,Comedy,Teen Comedy,English,1986,103,7.8,John Hughes,"Matthew Broderick, Alan Ruck, Mia Sara",USA,A charming teenager skips school for a day of adventure in Chicago.,"skipping school, chicago, friendship, teenager, fun",PG-13,No major awards listed,movies_4.xlsx,1,Comedy,Teen Comedy,Matthew Broderick|Alan Ruck|Mia Sara,John Hughes,skipping school|chicago|friendship|teenager|fun,New Wave,Standard,1980s,2,Teens,False,feel-good,Comedy,False,m0047
DR-008,Fight Club,Drama,Psychological Drama,English,1999,139,8.8,David Fincher,"Brad Pitt, Edward Norton, Helena Bonham Carter",USA,An insomniac office worker and a soap salesman start an underground fight club that spirals out of control.,"underground, insomnia, consumerism, twist, anarchy",R,No major awards listed,movies_3.xlsx,1,Drama,Psychological Drama,Brad Pitt|Edward Norton|Helena Bonham Carter,David Fincher,underground|insomnia|consumerism|twist|anarchy,The Nineties,Long,1990s,4,Adults,False,mind-bending,Drama,False,m0048
MX-002,Finding Nemo,"Animation, Adventure, Comedy",Family Adventure,English,2003,100,8.2,Andrew Stanton,"Albert Brooks, Ellen DeGeneres, Alexander Gould",USA,A timid clownfish crosses the ocean with a forgetful blue tang to find his kidnapped son.,"ocean, father son, fish, journey, pixar",G,Academy Award Best Animated Feature,movies_4.xlsx,1,Animation|Adventure|Comedy,Family Adventure,Albert Brooks|Ellen DeGeneres|Alexander Gould,Andrew Stanton,ocean|father son|fish|journey|pixar,2000s,Short,2000s,0,All ages,True,wonder|tearjerker,Animation,False,m0049
DR-007,Forrest Gump,Drama/Romance,Life Journey Drama,English,1994,142,8.8,Robert Zemeckis,"Tom Hanks, Robin Wright, Gary Sinise",USA,A kind-hearted man with a low IQ unwittingly takes part in defining moments of American history.,"history, love, vietnam, running, destiny",PG-13,6 Academy Awards including Best Picture,movies_3.xlsx,1,Drama|Romance,Life Journey Drama,Tom Hanks|Robin Wright|Gary Sinise,Robert Zemeckis,history|love|vietnam|running|destiny,The Nineties,Long,1990s,2,Teens,True,,Drama,False,m0050
MX-048,Free Solo,"Documentary, Adventure, Sport",Adventure Documentary,English,2018,100,8.1,Elizabeth Chai Vasarhelyi & Jimmy Chin,"Alex Honnold, Tommy Caldwell, Sanni McCandless",USA,Climber Alex Honnold attempts to scale El Capitan without ropes.,"rock climbing, el capitan, yosemite, risk, documentary",PG-13,Academy Award Best Documentary Feature,movies_4.xlsx,1,Documentary|Adventure|Sport,Adventure Documentary,Alex Honnold|Tommy Caldwell|Sanni McCandless,Elizabeth Chai Vasarhelyi|Jimmy Chin,rock climbing|el capitan|yosemite|risk|documentary,2010s,Short,2010s,2,Teens,True,wonder,Documentary,False,m0051
IN-013,Gangs of Wasseypur,"Crime, Action, Drama",Gangster Saga,Hindi,2012,160,8.2,Anurag Kashyap,"Manoj Bajpayee, Nawazuddin Siddiqui, Richa Chadha",India,A decades-long revenge feud between rival families of coal-mining gangsters in Dhanbad.,"gangster, revenge, coal mafia, dhanbad, family feud",A,No major awards listed,movies_1.xlsx,1,Crime|Action|Drama,Gangster Saga,Manoj Bajpayee|Nawazuddin Siddiqui|Richa Chadha,Anurag Kashyap,gangster|revenge|coal mafia|dhanbad|family feud,2010s,Long,2010s,4,Adults,False,dark-and-gritty|epic-scale,Crime,True,m0052
DR-038,Get Out,Horror/Mystery/Thriller,Social Horror,English,2017,104,7.8,Jordan Peele,"Daniel Kaluuya, Allison Williams, Catherine Keener",USA,A young Black man visits his white girlfriend's family estate and uncovers a disturbing secret.,"racism, hypnosis, suburb, twist, social commentary",R,Academy Award Best Original Screenplay,movies_3.xlsx,1,Horror|Mystery|Thriller,Social Horror,Daniel Kaluuya|Allison Williams|Catherine Keener,Jordan Peele,racism|hypnosis|suburb|twist|social commentary,2010s,Standard,2010s,4,Adults,True,mind-bending|social-lens,Horror,False,m0053
HW-007,Gladiator,Action|Adventure|Drama,Historical Epic,English,2000,155,8.5,Ridley Scott,"Russell Crowe, Joaquin Phoenix, Connie Nielsen",USA,A betrayed Roman general becomes a gladiator and seeks vengeance against the emperor who destroyed his family.,"rome, revenge, arena, emperor, warrior",R,5 Academy Awards including Best Picture,movies_2.xlsx + movies_4.xlsx,2,Action|Adventure|Drama,Historical Epic,Russell Crowe|Joaquin Phoenix|Connie Nielsen,Ridley Scott,rome|revenge|arena|emperor|warrior,2000s,Long,2000s,4,Adults,True,epic-scale|dark-and-gritty,Action,False,m0054
DR-011,Gone Girl,Drama/Mystery/Thriller,Psychological Mystery,English,2014,149,8.1,David Fincher,"Ben Affleck, Rosamund Pike, Neil Patrick Harris",USA,A husband becomes the prime suspect when his wife vanishes on their anniversary.,"missing wife, marriage, media, twist, suspicion",R,No major awards listed,movies_3.xlsx,1,Drama|Mystery|Thriller,Psychological Mystery,Ben Affleck|Rosamund Pike|Neil Patrick Harris,David Fincher,missing wife|marriage|media|twist|suspicion,2010s,Long,2010s,4,Adults,False,mind-bending,Drama,False,m0055
DR-005,Goodfellas,Biography/Crime/Drama,Gangster Biopic,English,1990,145,8.7,Martin Scorsese,"Ray Liotta, Robert De Niro, Joe Pesci",USA,The rise and fall of a mob associate over three decades in New York's Italian-American underworld.,"mafia, gangster, new york, informant, true story",R,Academy Award Best Supporting Actor (Joe Pesci),movies_3.xlsx,1,Biography|Crime|Drama,Gangster Biopic,Ray Liotta|Robert De Niro|Joe Pesci,Martin Scorsese,mafia|gangster|new york|informant|true story,The Nineties,Long,1990s,4,Adults,True,dark-and-gritty,Biography,False,m0056
HW-033,Gravity,Drama|Sci-Fi|Thriller,Space Survival,English,2013,91,7.7,Alfonso Cuaron,"Sandra Bullock, George Clooney, Ed Harris",USA,Two astronauts fight to survive after debris destroys their shuttle and leaves them adrift in orbit.,"space, survival, astronaut, debris, isolation",PG-13,7 Academy Awards,movies_2.xlsx,1,Drama|Sci-Fi|Thriller,Space Survival,Sandra Bullock|George Clooney|Ed Harris,Alfonso Cuaron,space|survival|astronaut|debris|isolation,2010s,Short,2010s,2,Teens,True,edge-of-seat|epic-scale,Drama,False,m0057
MX-033,Groundhog Day,"Comedy, Fantasy, Romance",Time Loop Comedy,English,1993,101,8.0,Harold Ramis,"Bill Murray, Andie MacDowell, Chris Elliott",USA,A cynical weatherman relives the same day over and over until he changes.,"time loop, small town, redemption, romance, weatherman",PG,No major awards listed,movies_4.xlsx,1,Comedy|Fantasy|Romance,Time Loop Comedy,Bill Murray|Andie MacDowell|Chris Elliott,Harold Ramis,time loop|small town|redemption|romance|weatherman,The Nineties,Standard,1990s,1,Guidance,False,feel-good,Comedy,False,m0058
HW-035,Guardians of the Galaxy,Action|Adventure|Comedy,Space Superhero,English,2014,121,8.0,James Gunn,"Chris Pratt, Zoe Saldana, Dave Bautista",USA,A ragtag group of outlaws bands together to protect a powerful orb from a fanatical villain.,"superhero, marvel, space, misfits, humour",PG-13,No major awards listed,movies_2.xlsx,1,Action|Adventure|Comedy,Space Superhero,Chris Pratt|Zoe Saldana|Dave Bautista,James Gunn,superhero|marvel|space|misfits|humour,2010s,Standard,2010s,2,Teens,False,epic-scale,Action,False,m0059
IN-008,Gully Boy,"Drama, Musical",Music Drama,Hindi,2019,153,7.9,Zoya Akhtar,"Ranveer Singh, Alia Bhatt, Siddhant Chaturvedi",India,A young man from a Mumbai slum finds his voice through underground rap and chases a music career.,"rap, hip hop, mumbai, slum, ambition",U/A,Filmfare Best Film,movies_1.xlsx,1,Drama|Musical,Music Drama,Ranveer Singh|Alia Bhatt|Siddhant Chaturvedi,Zoya Akhtar,rap|hip hop|mumbai|slum|ambition,2010s,Long,2010s,1,Guidance,True,,Drama,True,m0060
DR-023,Hacksaw Ridge,Biography/Drama/History/War,War Biopic,English,2016,139,8.1,Mel Gibson,"Andrew Garfield, Vince Vaughn, Sam Worthington",Australia,A conscientious objector serves as a medic at Okinawa and saves dozens of wounded without carrying a weapon.,"medic, okinawa, world war ii, faith, true story",R,2 Academy Awards,movies_3.xlsx,1,Biography|Drama|History|War,War Biopic,Andrew Garfield|Vince Vaughn|Sam Worthington,Mel Gibson,medic|okinawa|world war ii|faith|true story,2010s,Long,2010s,4,Adults,True,epic-scale,Biography,False,m0061
HW-011,Harry Potter and the Sorcerer's Stone,Adventure|Family|Fantasy,Wizarding Fantasy,English,2001,152,7.6,Chris Columbus,"Daniel Radcliffe, Emma Watson, Rupert Grint",UK,An orphan learns he is a wizard and begins his first year at a magical boarding school.,"wizard, magic, hogwarts, boarding school, friendship",PG,No major awards listed,movies_2.xlsx,1,Adventure|Family|Fantasy,Wizarding Fantasy,Daniel Radcliffe|Emma Watson|Rupert Grint,Chris Columbus,wizard|magic|hogwarts|boarding school|friendship,2000s,Long,2000s,1,Guidance,False,wonder|feel-good,Adventure,False,m0062
DR-040,Hereditary,Drama/Horror/Mystery,Supernatural Horror,English,2018,127,7.3,Ari Aster,"Toni Collette, Alex Wolff, Milly Shapiro",USA,"After the death of their secretive matriarch, a family is haunted by unsettling events.","grief, occult, family, supernatural, disturbing",R,No major awards listed,movies_3.xlsx,1,Drama|Horror|Mystery,Supernatural Horror,Toni Collette|Alex Wolff|Milly Shapiro,Ari Aster,grief|occult|family|supernatural|disturbing,2010s,Standard,2010s,4,Adults,False,tearjerker,Drama,False,m0063
MX-030,Home Alone,"Comedy, Family",Family Comedy,English,1990,103,7.7,Chris Columbus,"Macaulay Culkin, Joe Pesci, Daniel Stern",USA,A boy accidentally left behind at Christmas defends his house from two bumbling burglars.,"christmas, burglars, traps, kid, family",PG,No major awards listed,movies_4.xlsx,1,Comedy|Family,Family Comedy,Macaulay Culkin|Joe Pesci|Daniel Stern,Chris Columbus,christmas|burglars|traps|kid|family,The Nineties,Standard,1990s,1,Guidance,False,feel-good,Comedy,False,m0064
MX-011,Howl's Moving Castle,"Animation, Adventure, Fantasy",Anime Fantasy,Japanese,2004,119,8.2,Hayao Miyazaki,"Chieko Baisho, Takuya Kimura, Akihiro Miwa",Japan,A young woman cursed with old age takes refuge in a wizard's walking castle.,"wizard, curse, castle, war, studio ghibli",PG,No major awards listed,movies_4.xlsx,1,Animation|Adventure|Fantasy,Anime Fantasy,Chieko Baisho|Takuya Kimura|Akihiro Miwa,Hayao Miyazaki,wizard|curse|castle|war|studio ghibli,2000s,Standard,2000s,1,Guidance,False,wonder|epic-scale,Animation,False,m0065
HW-002,Inception,Action|Sci-Fi|Thriller,Heist Sci-Fi,English,2010,148,8.8,Christopher Nolan,"Leonardo DiCaprio, Joseph Gordon-Levitt, Elliot Page",USA,A thief who steals secrets through dreams is offered a chance at redemption by planting an idea in a target's mind.,"dreams, heist, subconscious, mind bending, reality",PG-13,4 Academy Awards,movies_2.xlsx + movies_3.xlsx,2,Action|Sci-Fi|Thriller,Heist Sci-Fi,Leonardo DiCaprio|Joseph Gordon-Levitt|Elliot Page,Christopher Nolan,dreams|heist|subconscious|mind bending|reality,2010s,Long,2010s,2,Teens,True,mind-bending|edge-of-seat,Action,False,m0066
DR-048,Inglourious Basterds,Adventure/Drama/War,Alternate History War,English,2009,153,8.4,Quentin Tarantino,"Brad Pitt, Christoph Waltz, Melanie Laurent",USA,Jewish-American soldiers and a cinema owner separately plot to bring down Nazi leadership in occupied France.,"nazis, world war ii, revenge, paris, cinema",R,Academy Award Best Supporting Actor (Christoph Waltz),movies_3.xlsx,1,Adventure|Drama|War,Alternate History War,Brad Pitt|Christoph Waltz|Melanie Laurent,Quentin Tarantino,nazis|world war ii|revenge|paris|cinema,2000s,Long,2000s,4,Adults,True,epic-scale|dark-and-gritty,Adventure,False,m0067
MX-007,Inside Out,"Animation, Adventure, Comedy",Family Animation,English,2015,95,8.1,Pete Docter,"Amy Poehler, Phyllis Smith, Bill Hader",USA,Five personified emotions in a girl's mind struggle to guide her through a difficult move.,"emotions, childhood, mind, joy, growing up",PG,Academy Award Best Animated Feature,movies_4.xlsx,1,Animation|Adventure|Comedy,Family Animation,Amy Poehler|Phyllis Smith|Bill Hader,Pete Docter,emotions|childhood|mind|joy|growing up,2010s,Short,2010s,1,Guidance,True,wonder|feel-good,Animation,False,m0068
HW-003,Interstellar,Adventure|Drama|Sci-Fi,Space Epic,English,2014,169,8.7,Christopher Nolan,"Matthew McConaughey, Anne Hathaway, Jessica Chastain",USA,Explorers travel through a wormhole to find a new home for humanity as Earth fails.,"space travel, wormhole, black hole, father daughter, time dilation",PG-13,Academy Award Best Visual Effects,movies_2.xlsx + movies_3.xlsx,2,Adventure|Drama|Sci-Fi,Space Epic,Matthew McConaughey|Anne Hathaway|Jessica Chastain,Christopher Nolan,space travel|wormhole|black hole|father daughter|time dilation,2010s,Epic,2010s,2,Teens,True,epic-scale|tearjerker,Adventure,False,m0069
DR-042,It,Horror,Supernatural Horror,English,2017,135,7.3,Andy Muschietti,"Bill Skarsgard, Jaeden Martell, Finn Wolfhard",USA,A group of outcast kids face a shape-shifting clown who preys on the children of Derry.,"clown, pennywise, stephen king, childhood fear, friendship",R,No major awards listed,movies_3.xlsx,1,Horror,Supernatural Horror,Bill Skarsgard|Jaeden Martell|Finn Wolfhard,Andy Muschietti,clown|pennywise|stephen king|childhood fear|friendship,2010s,Standard,2010s,4,Adults,False,wonder,Horror,False,m0070
IN-037,Jab We Met,"Romance, Comedy, Drama",Romantic Comedy,Hindi,2007,138,7.9,Imtiaz Ali,"Shahid Kapoor, Kareena Kapoor, Dara Singh",India,A heartbroken businessman meets an exuberant girl on a train and finds his life changing.,"train, romance, punjab, road trip, heartbreak",Not rated,Filmfare Best Actress (Kareena Kapoor),movies_1.xlsx,1,Romance|Comedy|Drama,Romantic Comedy,Shahid Kapoor|Kareena Kapoor|Dara Singh,Imtiaz Ali,train|romance|punjab|road trip|heartbreak,2000s,Long,2000s,2,Teens,True,feel-good,Romance,True,m0071
IN-028,Jai Bhim,"Crime, Drama",Legal Drama,Tamil,2021,164,8.7,T. J. Gnanavel,"Suriya, Lijomol Jose, Manikandan",India,A lawyer fights for justice for a tribal woman whose husband disappears in police custody.,"lawyer, tribal community, custodial violence, justice, court",U/A,No major awards listed,movies_1.xlsx,1,Crime|Drama,Legal Drama,Suriya|Lijomol Jose|Manikandan,T. J. Gnanavel,lawyer|tribal community|custodial violence|justice|court,Contemporary,Long,2020s,1,Guidance,False,dark-and-gritty|social-lens,Crime,True,m0072
HW-020,John Wick,Action|Crime|Thriller,Revenge Action,English,2014,101,7.4,Chad Stahelski,"Keanu Reeves, Michael Nyqvist, Willem Dafoe",USA,"A retired hitman returns to the underworld to avenge the killing of his puppy, a gift from his late wife.","hitman, revenge, underworld, assassin, gun fu",R,No major awards listed,movies_2.xlsx,1,Action|Crime|Thriller,Revenge Action,Keanu Reeves|Michael Nyqvist|Willem Dafoe,Chad Stahelski,hitman|revenge|underworld|assassin|gun fu,2010s,Standard,2010s,4,Adults,False,dark-and-gritty|edge-of-seat,Action,False,m0073
DR-018,Joker,Crime/Drama/Thriller,Psychological Drama,English,2019,122,8.4,Todd Phillips,"Joaquin Phoenix, Robert De Niro, Zazie Beetz",USA,A struggling comedian in a decaying Gotham descends into madness and becomes a symbol of unrest.,"joker, gotham, mental breakdown, society, villain origin",R,2 Academy Awards including Best Actor,movies_3.xlsx,1,Crime|Drama|Thriller,Psychological Drama,Joaquin Phoenix|Robert De Niro|Zazie Beetz,Todd Phillips,joker|gotham|mental breakdown|society|villain origin,2010s,Standard,2010s,4,Adults,True,mind-bending|social-lens,Crime,False,m0074
HW-015,Jurassic Park,Adventure|Sci-Fi|Thriller,Creature Adventure,English,1993,127,8.2,Steven Spielberg,"Sam Neill, Laura Dern, Jeff Goldblum",USA,A theme park of cloned dinosaurs turns deadly when its security systems fail.,"dinosaurs, theme park, cloning, survival, genetic engineering",PG-13,3 Academy Awards,movies_2.xlsx,1,Adventure|Sci-Fi|Thriller,Creature Adventure,Sam Neill|Laura Dern|Jeff Goldblum,Steven Spielberg,dinosaurs|theme park|cloning|survival|genetic engineering,The Nineties,Standard,1990s,2,Teens,True,wonder|edge-of-seat,Adventure,False,m0075
IN-025,K.G.F: Chapter 1,"Action, Crime, Drama",Gangster Action,Kannada,2018,156,8.2,Prashanth Neel,"Yash, Srinidhi Shetty, Ananth Nag",India,A poor young man rises through Mumbai's underworld and takes on the powers controlling a gold mine.,"gold mine, gangster, rise to power, mumbai underworld, mother",U/A,Two National Film Awards,movies_1.xlsx,1,Action|Crime|Drama,Gangster Action,Yash|Srinidhi Shetty|Ananth Nag,Prashanth Neel,gold mine|gangster|rise to power|mumbai underworld|mother,2010s,Long,2010s,1,Guidance,True,dark-and-gritty,Action,True,m0076
IN-012,Kahaani,"Thriller, Mystery",Mystery Thriller,Hindi,2012,122,8.1,Sujoy Ghosh,"Vidya Balan, Parambrata Chatterjee, Nawazuddin Siddiqui",India,A pregnant woman arrives in Kolkata to find her missing husband and uncovers a much larger conspiracy.,"kolkata, missing husband, conspiracy, twist, investigation",U/A,Filmfare Best Actress (Vidya Balan),movies_1.xlsx,1,Thriller|Mystery,Mystery Thriller,Vidya Balan|Parambrata Chatterjee|Nawazuddin Siddiqui,Sujoy Ghosh,kolkata|missing husband|conspiracy|twist|investigation,2010s,Standard,2010s,1,Guidance,True,edge-of-seat|mind-bending,Thriller,True,m0077
IN-027,Kantara,"Action, Thriller, Fantasy",Folk Thriller,Kannada,2022,148,8.2,Rishab Shetty,"Rishab Shetty, Sapthami Gowda, Kishore",India,A villager's clash with a forest officer awakens a local deity's ancient covenant with the land.,"folk tradition, forest, land dispute, deity, karnataka",U/A,National Award Best Popular Film,movies_1.xlsx,1,Action|Thriller|Fantasy,Folk Thriller,Rishab Shetty|Sapthami Gowda|Kishore,Rishab Shetty,folk tradition|forest|land dispute|deity|karnataka,Contemporary,Long,2020s,1,Guidance,True,edge-of-seat,Action,True,m0078
HW-039,Kill Bill: Vol. 1,Action|Crime|Thriller,Martial Arts Revenge,English,2003,111,8.2,Quentin Tarantino,"Uma Thurman, Lucy Liu, Vivica A. Fox",USA,A former assassin awakens from a coma and begins a bloody quest against her old associates.,"revenge, assassin, katana, martial arts, bride",R,No major awards listed,movies_2.xlsx,1,Action|Crime|Thriller,Martial Arts Revenge,Uma Thurman|Lucy Liu|Vivica A. Fox,Quentin Tarantino,revenge|assassin|katana|martial arts|bride,2000s,Standard,2000s,4,Adults,False,dark-and-gritty|edge-of-seat,Action,False,m0079
DR-034,Knives Out,Comedy/Crime/Drama/Mystery,Whodunit,English,2019,130,7.9,Rian Johnson,"Daniel Craig, Chris Evans, Ana de Armas",USA,A detective probes the death of a wealthy crime novelist among his scheming family.,"whodunit, detective, family, murder, inheritance",PG-13,No major awards listed,movies_3.xlsx,1,Comedy|Crime|Drama|Mystery,Whodunit,Daniel Craig|Chris Evans|Ana de Armas,Rian Johnson,whodunit|detective|family|murder|inheritance,2010s,Standard,2010s,2,Teens,False,dark-and-gritty,Comedy,False,m0080
IN-031,Kumbalangi Nights,"Drama, Family",Family Drama,Malayalam,2019,135,8.4,Madhu C. Narayanan,"Shane Nigam, Soubin Shahir, Fahadh Faasil",India,Four estranged brothers in a Kerala fishing village gradually learn to be a family.,"brothers, kerala, fishing village, family, love",U/A,No major awards listed,movies_1.xlsx,1,Drama|Family,Family Drama,Shane Nigam|Soubin Shahir|Fahadh Faasil,Madhu C. Narayanan,brothers|kerala|fishing village|family|love,2010s,Standard,2010s,1,Guidance,False,,Drama,True,m0081
MX-015,La La Land,"Comedy, Drama, Musical, Romance",Romantic Musical,English,2016,128,8.0,Damien Chazelle,"Ryan Gosling, Emma Stone, John Legend",USA,A jazz pianist and an aspiring actress fall in love while chasing their dreams in Los Angeles.,"jazz, los angeles, dreams, love, music",PG-13,6 Academy Awards,movies_4.xlsx,1,Comedy|Drama|Musical|Romance,Romantic Musical,Ryan Gosling|Emma Stone|John Legend,Damien Chazelle,jazz|los angeles|dreams|love|music,2010s,Standard,2010s,2,Teens,True,feel-good|mind-bending,Comedy,False,m0082
IN-040,Laapataa Ladies,"Comedy, Drama",Rural Comedy Drama,Hindi,2023,122,8.2,Kiran Rao,"Nitanshi Goel, Pratibha Ranta, Sparsh Shrivastava",India,"Two brides are accidentally swapped on a train, setting off a warm and funny search across rural India.","brides, train, village, women, mix up",Not rated,Filmfare Best Film,movies_1.xlsx,1,Comedy|Drama,Rural Comedy Drama,Nitanshi Goel|Pratibha Ranta|Sparsh Shrivastava,Kiran Rao,brides|train|village|women|mix up,Contemporary,Standard,2020s,2,Teens,True,feel-good,Comedy,True,m0083
IN-003,Lagaan,"Drama, Musical, Sport",Period Sports Drama,Hindi,2001,224,8.1,Ashutosh Gowariker,"Aamir Khan, Gracy Singh, Rachel Shelley",India,Villagers in colonial India accept a cricket challenge from British officers to escape a crushing tax.,"cricket, colonial india, village, taxation, underdog",U,Oscar nominee (Best Foreign Language Film); National Award Best Popular Film,movies_1.xlsx,1,Drama|Musical|Sport,Period Sports Drama,Aamir Khan|Gracy Singh|Rachel Shelley,Ashutosh Gowariker,cricket|colonial india|village|taxation|underdog,2000s,Epic,2000s,0,All ages,True,epic-scale|feel-good,Drama,True,m0084
IN-020,Lage Raho Munna Bhai,"Comedy, Drama",Feel-Good Comedy,Hindi,2006,144,8.1,Rajkumar Hirani,"Sanjay Dutt, Arshad Warsi, Vidya Balan",India,A Mumbai gangster begins seeing Mahatma Gandhi and adopts peaceful ways to solve people's problems.,"gandhigiri, gandhi, mumbai, radio, non violence",U,National Award Best Popular Film,movies_1.xlsx,1,Comedy|Drama,Feel-Good Comedy,Sanjay Dutt|Arshad Warsi|Vidya Balan,Rajkumar Hirani,gandhigiri|gandhi|mumbai|radio|non violence,2000s,Long,2000s,0,All ages,True,feel-good|dark-and-gritty,Comedy,True,m0085
MX-040,Life Is Beautiful,"Comedy, Drama, Romance, War",Tragicomedy,Italian,1997,116,8.6,Roberto Benigni,"Roberto Benigni, Nicoletta Braschi, Giorgio Cantarini",Italy,A father uses humour and imagination to shield his young son from the horrors of a concentration camp.,"holocaust, father son, imagination, world war ii, love",PG-13,3 Academy Awards,movies_4.xlsx,1,Comedy|Drama|Romance|War,Tragicomedy,Roberto Benigni|Nicoletta Braschi|Giorgio Cantarini,Roberto Benigni,holocaust|father son|imagination|world war ii|love,The Nineties,Standard,1990s,2,Teens,True,epic-scale|wonder|tearjerker,Comedy,False,m0086
MX-035,Little Miss Sunshine,"Comedy, Drama",Road Trip Comedy,English,2006,101,7.8,Jonathan Dayton & Valerie Faris,"Abigail Breslin, Greg Kinnear, Steve Carell",USA,A dysfunctional family road-trips to a children's beauty pageant in a battered van.,"road trip, family, pageant, dysfunctional, quirky",R,2 Academy Awards,movies_4.xlsx,1,Comedy|Drama,Road Trip Comedy,Abigail Breslin|Greg Kinnear|Steve Carell,Jonathan Dayton|Valerie Faris,road trip|family|pageant|dysfunctional|quirky,2000s,Standard,2000s,4,Adults,True,feel-good,Comedy,False,m0087
HW-037,Logan,Action|Drama|Sci-Fi,Superhero Western,English,2017,137,8.1,James Mangold,"Hugh Jackman, Patrick Stewart, Dafne Keen",USA,An ageing Wolverine cares for a frail Professor X and protects a young mutant girl on a final journey.,"wolverine, mutants, road trip, superhero, dystopia",R,No major awards listed,movies_2.xlsx,1,Action|Drama|Sci-Fi,Superhero Western,Hugh Jackman|Patrick Stewart|Dafne Keen,James Mangold,wolverine|mutants|road trip|superhero|dystopia,2010s,Long,2010s,4,Adults,False,,Action,False,m0088
HW-008,Mad Max: Fury Road,Action|Adventure|Sci-Fi,Dystopian Action,English,2015,120,8.1,George Miller,"Tom Hardy, Charlize Theron, Nicholas Hoult",Australia,"In a desert wasteland, a rebel driver and a drifter flee a tyrant across a relentless chase.","post apocalypse, desert, chase, dystopia, rebellion",R,6 Academy Awards,movies_2.xlsx,1,Action|Adventure|Sci-Fi,Dystopian Action,Tom Hardy|Charlize Theron|Nicholas Hoult,George Miller,post apocalypse|desert|chase|dystopia|rebellion,2010s,Standard,2010s,4,Adults,True,edge-of-seat,Action,False,m0089
IN-043,Maharaja,"Crime, Thriller, Drama",Revenge Thriller,Tamil,2024,141,8.4,Nithilan Saminathan,"Vijay Sethupathi, Anurag Kashyap, Mamta Mohandas",India,"A barber files a puzzling police complaint about a stolen dustbin, hiding a much darker story.","barber, police, revenge, twist, father daughter",U/A,No major awards listed,movies_1.xlsx,1,Crime|Thriller|Drama,Revenge Thriller,Vijay Sethupathi|Anurag Kashyap|Mamta Mohandas,Nithilan Saminathan,barber|police|revenge|twist|father daughter,Contemporary,Long,2020s,1,Guidance,False,dark-and-gritty|edge-of-seat|mind-bending,Crime,True,m0090
MX-017,Mamma Mia!,"Comedy, Musical, Romance",Jukebox Musical,English,2008,108,6.5,Phyllida Lloyd,"Meryl Streep, Amanda Seyfried, Pierce Brosnan",UK,A bride-to-be invites three possible fathers to her wedding on a Greek island.,"abba, greece, wedding, mother daughter, musical",PG-13,No major awards listed,movies_4.xlsx,1,Comedy|Musical|Romance,Jukebox Musical,Meryl Streep|Amanda Seyfried|Pierce Brosnan,Phyllida Lloyd,abba|greece|wedding|mother daughter|musical,2000s,Standard,2000s,2,Teens,False,feel-good,Comedy,False,m0091
IN-032,Manjummel Boys,"Adventure, Thriller, Drama",Survival Thriller,Malayalam,2024,135,8.2,Chidambaram,"Soubin Shahir, Sreenath Bhasi, Balu Varghese",India,A group of friends on a Kodaikanal trip mount a daring rescue when one falls into a deep cave.,"friendship, rescue, cave, kodaikanal, survival",U/A,No major awards listed,movies_1.xlsx,1,Adventure|Thriller|Drama,Survival Thriller,Soubin Shahir|Sreenath Bhasi|Balu Varghese,Chidambaram,friendship|rescue|cave|kodaikanal|survival,Contemporary,Standard,2020s,1,Guidance,False,edge-of-seat|feel-good,Adventure,True,m0092
MX-049,March of the Penguins,"Documentary, Family",Nature Documentary,French,2005,80,7.5,Luc Jacquet,"Morgan Freeman, Charles Berling, Romane Bohringer",France,Emperor penguins undertake an epic annual march across Antarctica to breed.,"penguins, antarctica, nature, survival, wildlife",G,Academy Award Best Documentary Feature,movies_4.xlsx,1,Documentary|Family,Nature Documentary,Morgan Freeman|Charles Berling|Romane Bohringer,Luc Jacquet,penguins|antarctica|nature|survival|wildlife,2000s,Short,2000s,0,All ages,True,edge-of-seat,Documentary,False,m0093
IN-042,Masaan,"Drama, Romance",Realist Drama,Hindi,2015,109,8.1,Neeraj Ghaywan,"Richa Chadha, Vicky Kaushal, Sanjay Mishra",India,"Two separate stories in Varanasi are shaped by loss, shame and a search for a fresh start.","varanasi, grief, love, caste, small town",Not rated,Cannes FIPRESCI Prize,movies_1.xlsx,1,Drama|Romance,Realist Drama,Richa Chadha|Vicky Kaushal|Sanjay Mishra,Neeraj Ghaywan,varanasi|grief|love|caste|small town,2010s,Standard,2010s,2,Teens,True,tearjerker|social-lens,Drama,True,m0094
DR-013,Memento,Mystery/Thriller,Nonlinear Thriller,English,2000,113,8.4,Christopher Nolan,"Guy Pearce, Carrie-Anne Moss, Joe Pantoliano",USA,A man unable to form new memories uses notes and tattoos to hunt his wife's killer.,"memory loss, revenge, nonlinear, tattoos, investigation",R,No major awards listed,movies_3.xlsx,1,Mystery|Thriller,Nonlinear Thriller,Guy Pearce|Carrie-Anne Moss|Joe Pantoliano,Christopher Nolan,memory loss|revenge|nonlinear|tattoos|investigation,2000s,Standard,2000s,4,Adults,False,edge-of-seat|tearjerker|dark-and-gritty,Mystery,False,m0095
HW-022,Mission: Impossible - Fallout,Action|Adventure|Thriller,Spy Action,English,2018,147,7.7,Christopher McQuarrie,"Tom Cruise, Henry Cavill, Ving Rhames",USA,Ethan Hunt and his team race to stop plutonium bombs after a mission goes wrong.,"spy, ethan hunt, plutonium, stunts, secret agent",PG-13,No major awards listed,movies_2.xlsx,1,Action|Adventure|Thriller,Spy Action,Tom Cruise|Henry Cavill|Ving Rhames,Christopher McQuarrie,spy|ethan hunt|plutonium|stunts|secret agent,2010s,Long,2010s,2,Teens,False,,Action,False,m0096
IN-046,Mother India,Drama,Epic Drama,Hindi,1957,172,7.7,Mehboob Khan,"Nargis, Sunil Dutt, Rajendra Kumar",India,A poor village woman raises her sons through hardship while upholding her moral principles.,"mother, village, sacrifice, poverty, epic",Not rated,Oscar nominee (Best Foreign Language Film),movies_1.xlsx,1,Drama,Epic Drama,Nargis|Sunil Dutt|Rajendra Kumar,Mehboob Khan,mother|village|sacrifice|poverty|epic,Classic,Epic,1950s,2,Teens,True,epic-scale|social-lens|tearjerker,Drama,True,m0097
MX-031,Mrs. Doubtfire,"Comedy, Drama, Family",Family Comedy,English,1993,125,7.1,Chris Columbus,"Robin Williams, Sally Field, Pierce Brosnan",USA,A divorced father disguises himself as an elderly nanny to spend time with his children.,"disguise, nanny, divorce, father, family",PG-13,Academy Award Best Makeup,movies_4.xlsx,1,Comedy|Drama|Family,Family Comedy,Robin Williams|Sally Field|Pierce Brosnan,Chris Columbus,disguise|nanny|divorce|father|family,The Nineties,Standard,1990s,2,Teens,True,feel-good,Comedy,False,m0098
IN-019,Mughal-E-Azam,"Drama, History, Romance",Historical Epic,Hindi,1960,197,8.1,K. Asif,"Dilip Kumar, Madhubala, Prithviraj Kapoor",India,"Prince Salim's love for a court dancer sets him against his father, Emperor Akbar.","mughal empire, emperor, forbidden love, court, epic",U,National Award Best Feature Film in Hindi; Filmfare Best Film,movies_1.xlsx,1,Drama|History|Romance,Historical Epic,Dilip Kumar|Madhubala|Prithviraj Kapoor,K. Asif,mughal empire|emperor|forbidden love|court|epic,Classic,Epic,1960s,0,All ages,True,epic-scale,Drama,True,m0099
MX-050,My Octopus Teacher,Documentary,Nature Documentary,English,2020,85,8.1,Pippa Ehrlich & James Reed,Craig Foster,South Africa,A filmmaker forms a bond with a wild octopus in a South African kelp forest over a year.,"octopus, kelp forest, nature, friendship, south africa",Not rated,Academy Award Best Documentary Feature,movies_4.xlsx,1,Documentary,Nature Documentary,Craig Foster,Pippa Ehrlich|James Reed,octopus|kelp forest|nature|friendship|south africa,Contemporary,Short,2020s,2,Teens,True,feel-good,Documentary,False,m0100
DR-046,No Country for Old Men,Crime/Drama/Thriller,Neo-Western Thriller,English,2007,122,8.2,Joel Coen & Ethan Coen,"Tommy Lee Jones, Javier Bardem, Josh Brolin",USA,A hunter who takes drug money from a crime scene is pursued by a relentless hitman.,"hitman, texas, drug money, manhunt, fate",R,4 Academy Awards including Best Picture,movies_3.xlsx,1,Crime|Drama|Thriller,Neo-Western Thriller,Tommy Lee Jones|Javier Bardem|Josh Brolin,Joel Coen|Ethan Coen,hitman|texas|drug money|manhunt|fate,2000s,Standard,2000s,4,Adults,True,edge-of-seat|dark-and-gritty,Crime,False,m0101
MX-042,Oldboy,"Action, Drama, Mystery, Thriller",Revenge Thriller,Korean,2003,120,8.3,Park Chan-wook,"Choi Min-sik, Yoo Ji-tae, Kang Hye-jung",South Korea,A man imprisoned for fifteen years without explanation is suddenly freed and hunts his captor.,"revenge, imprisonment, twist, seoul, violence",R,Cannes Grand Prix,movies_4.xlsx,1,Action|Drama|Mystery|Thriller,Revenge Thriller,Choi Min-sik|Yoo Ji-tae|Kang Hye-jung,Park Chan-wook,revenge|imprisonment|twist|seoul|violence,2000s,Standard,2000s,4,Adults,True,dark-and-gritty|edge-of-seat|mind-bending,Action,False,m0102
DR-015,Oppenheimer,Biography/Drama/History,Historical Biopic,English,2023,180,8.3,Christopher Nolan,"Cillian Murphy, Emily Blunt, Robert Downey Jr.",USA,The story of J. Robert Oppenheimer and the creation of the atomic bomb.,"atomic bomb, manhattan project, physicist, world war ii, politics",R,7 Academy Awards including Best Picture,movies_3.xlsx,1,Biography|Drama|History,Historical Biopic,Cillian Murphy|Emily Blunt|Robert Downey Jr.,Christopher Nolan,atomic bomb|manhattan project|physicist|world war ii|politics,Contemporary,Epic,2020s,4,Adults,True,epic-scale|social-lens,Biography,False,m0103
IN-005,PK,"Comedy, Drama, Sci-Fi",Satirical Comedy,Hindi,2014,153,8.1,Rajkumar Hirani,"Aamir Khan, Anushka Sharma, Sanjay Dutt",India,A curious alien stranded on Earth questions religious customs while searching for his lost remote.,"alien, religion, satire, belief, journalist",U/A,No major awards listed,movies_1.xlsx,1,Comedy|Drama|Sci-Fi,Satirical Comedy,Aamir Khan|Anushka Sharma|Sanjay Dutt,Rajkumar Hirani,alien|religion|satire|belief|journalist,2010s,Long,2010s,1,Guidance,False,feel-good,Comedy,True,m0104
MX-036,Paddington 2,"Adventure, Comedy, Family",Family Comedy,English,2017,103,7.8,Paul King,"Ben Whishaw, Hugh Grant, Hugh Bonneville",UK,The polite bear is wrongly jailed for a theft and wins over the prison with his kindness.,"paddington, bear, prison, kindness, london",PG,No major awards listed,movies_4.xlsx,1,Adventure|Comedy|Family,Family Comedy,Ben Whishaw|Hugh Grant|Hugh Bonneville,Paul King,paddington|bear|prison|kindness|london,2010s,Standard,2010s,1,Guidance,False,feel-good,Adventure,False,m0105
MX-047,Pan's Labyrinth,"Drama, Fantasy, War",Dark Fantasy,Spanish,2006,118,8.2,Guillermo del Toro,"Ivana Baquero, Sergi Lopez, Maribel Verdu",Mexico,"In 1944 Spain, a girl escapes the brutality of the regime into a mythical labyrinth of fantastic creatures.","fairy tale, spanish civil war, fauns, creatures, fantasy",R,3 Academy Awards,movies_4.xlsx,1,Drama|Fantasy|War,Dark Fantasy,Ivana Baquero|Sergi Lopez|Maribel Verdu,Guillermo del Toro,fairy tale|spanish civil war|fauns|creatures|fantasy,2000s,Standard,2000s,4,Adults,True,wonder|epic-scale,Drama,False,m0106
MX-041,Parasite,"Comedy, Drama, Thriller",Social Thriller,Korean,2019,132,8.5,Bong Joon-ho,"Song Kang-ho, Lee Sun-kyun, Cho Yeo-jeong",South Korea,A poor family schemes its way into the lives of a wealthy household with unforeseen consequences.,"class divide, con, south korea, dark comedy, twist",R,4 Academy Awards including Best Picture; Palme d'Or,movies_4.xlsx,1,Comedy|Drama|Thriller,Social Thriller,Song Kang-ho|Lee Sun-kyun|Cho Yeo-jeong,Bong Joon-ho,class divide|con|south korea|dark comedy|twist,2010s,Standard,2010s,4,Adults,True,edge-of-seat|feel-good|mind-bending,Comedy,False,m0107
IN-030,Pariyerum Perumal,Drama,Social Drama,Tamil,2018,154,8.6,Mari Selvaraj,"Kathir, Anandhi, Yogi Babu",India,A law student from an oppressed caste faces discrimination while trying to keep his dignity.,"caste, law college, discrimination, friendship, dog",U/A,No major awards listed,movies_1.xlsx,1,Drama,Social Drama,Kathir|Anandhi|Yogi Babu,Mari Selvaraj,caste|law college|discrimination|friendship|dog,2010s,Long,2010s,1,Guidance,False,social-lens|feel-good,Drama,True,m0108
IN-044,Pather Panchali,Drama,Neorealist Drama,Bengali,1955,125,8.2,Satyajit Ray,"Subir Banerjee, Kanu Banerjee, Karuna Banerjee",India,A poor Bengali family in a village struggles with hardship while a young boy and his sister discover the world.,"bengal, village, poverty, childhood, neorealism",Not rated,Cannes Best Human Document,movies_1.xlsx,1,Drama,Neorealist Drama,Subir Banerjee|Kanu Banerjee|Karuna Banerjee,Satyajit Ray,bengal|village|poverty|childhood|neorealism,Classic,Standard,1950s,2,Teens,True,social-lens|wonder,Drama,True,m0109
HW-038,Pirates of the Caribbean: The Curse of the Black Pearl,Action|Adventure|Fantasy,Pirate Adventure,English,2003,143,8.1,Gore Verbinski,"Johnny Depp, Geoffrey Rush, Orlando Bloom",USA,A blacksmith teams up with eccentric pirate Jack Sparrow to rescue a governor's daughter from cursed pirates.,"pirates, curse, treasure, sea, sword fight",PG-13,No major awards listed,movies_2.xlsx,1,Action|Adventure|Fantasy,Pirate Adventure,Johnny Depp|Geoffrey Rush|Orlando Bloom,Gore Verbinski,pirates|curse|treasure|sea|sword fight,2000s,Long,2000s,2,Teens,False,wonder,Action,False,m0110
MX-022,Pride & Prejudice,"Drama, Romance",Period Romance,English,2005,129,7.8,Joe Wright,"Keira Knightley, Matthew Macfadyen, Rosamund Pike",UK,Elizabeth Bennet clashes with the proud Mr. Darcy in Regency England.,"jane austen, regency, love, class, marriage",PG,No major awards listed,movies_4.xlsx,1,Drama|Romance,Period Romance,Keira Knightley|Matthew Macfadyen|Rosamund Pike,Joe Wright,jane austen|regency|love|class|marriage,2000s,Standard,2000s,1,Guidance,False,feel-good|epic-scale|social-lens,Drama,False,m0111
MX-012,Princess Mononoke,"Animation, Action, Adventure",Anime Fantasy,Japanese,1997,134,8.3,Hayao Miyazaki,"Yoji Matsuda, Yuriko Ishida, Yuko Tanaka",Japan,A prince cursed by a demon boar becomes entangled in a war between forest gods and a mining town.,"forest spirits, nature, war, curse, studio ghibli",PG-13,No major awards listed,movies_4.xlsx,1,Animation|Action|Adventure,Anime Fantasy,Yoji Matsuda|Yuriko Ishida|Yuko Tanaka,Hayao Miyazaki,forest spirits|nature|war|curse|studio ghibli,The Nineties,Standard,1990s,2,Teens,False,wonder|epic-scale,Animation,False,m0112
DR-032,Prisoners,Crime/Drama/Mystery/Thriller,Abduction Thriller,English,2013,153,8.2,Denis Villeneuve,"Hugh Jackman, Jake Gyllenhaal, Viola Davis",USA,A father takes matters into his own hands after his daughter and her friend are abducted.,"kidnapping, detective, vigilante, moral dilemma, suspense",R,No major awards listed,movies_3.xlsx,1,Crime|Drama|Mystery|Thriller,Abduction Thriller,Hugh Jackman|Jake Gyllenhaal|Viola Davis,Denis Villeneuve,kidnapping|detective|vigilante|moral dilemma|suspense,2010s,Long,2010s,4,Adults,False,edge-of-seat,Crime,False,m0113
DR-036,Psycho,Horror/Mystery/Thriller,Slasher Thriller,English,1960,109,8.5,Alfred Hitchcock,"Anthony Perkins, Janet Leigh, Vera Miles",USA,A woman on the run stops at a secluded motel run by a troubled young man.,"motel, hitchcock, twist, killer, shower scene",R,No major awards listed,movies_3.xlsx,1,Horror|Mystery|Thriller,Slasher Thriller,Anthony Perkins|Janet Leigh|Vera Miles,Alfred Hitchcock,motel|hitchcock|twist|killer|shower scene,Classic,Standard,1960s,4,Adults,False,edge-of-seat|mind-bending,Horror,False,m0114
DR-004,Pulp Fiction,Crime/Drama,Neo-Noir Crime,English,1994,154,8.9,Quentin Tarantino,"John Travolta, Uma Thurman, Samuel L. Jackson",USA,"Intertwined stories of hitmen, a boxer and a gangster's wife unfold in nonlinear Los Angeles crime tales.","hitmen, nonlinear, los angeles, dark humor, gangster",R,Palme d'Or; Academy Award Best Original Screenplay,movies_3.xlsx,1,Crime|Drama,Neo-Noir Crime,John Travolta|Uma Thurman|Samuel L. Jackson,Quentin Tarantino,hitmen|nonlinear|los angeles|dark humor|gangster,The Nineties,Long,1990s,4,Adults,True,dark-and-gritty,Crime,False,m0115
IN-007,Queen,"Comedy, Drama",Feel-Good Drama,Hindi,2013,146,8.2,Vikas Bahl,"Kangana Ranaut, Rajkummar Rao, Lisa Haydon",India,"After her wedding is called off, a shy Delhi woman goes on her honeymoon alone and finds her confidence.","solo travel, independence, paris, amsterdam, self discovery",U/A,Filmfare Best Film; National Award Best Actress,movies_1.xlsx,1,Comedy|Drama,Feel-Good Drama,Kangana Ranaut|Rajkummar Rao|Lisa Haydon,Vikas Bahl,solo travel|independence|paris|amsterdam|self discovery,2010s,Long,2010s,1,Guidance,True,wonder,Comedy,True,m0116
IN-024,RRR,"Action, Drama, History",Period Action Epic,Telugu,2022,187,7.8,S. S. Rajamouli,"N. T. Rama Rao Jr., Ram Charan, Alia Bhatt",India,Two revolutionaries form an unlikely friendship before fate pits them against each other in 1920s colonial India.,"revolutionaries, british raj, friendship, freedom struggle, action",U/A,Oscar Best Original Song (Naatu Naatu),movies_1.xlsx,1,Action|Drama|History,Period Action Epic,N. T. Rama Rao Jr.|Ram Charan|Alia Bhatt,S. S. Rajamouli,revolutionaries|british raj|friendship|freedom struggle|action,Contemporary,Epic,2020s,1,Guidance,True,epic-scale|feel-good,Action,True,m0117
HW-014,Raiders of the Lost Ark,Action|Adventure,Adventure Serial,English,1981,115,8.4,Steven Spielberg,"Harrison Ford, Karen Allen, Paul Freeman",USA,Archaeologist Indiana Jones races the Nazis to find the legendary Ark of the Covenant.,"archaeologist, treasure, nazis, artifact, adventure",PG,4 Academy Awards,movies_2.xlsx,1,Action|Adventure,Adventure Serial,Harrison Ford|Karen Allen|Paul Freeman,Steven Spielberg,archaeologist|treasure|nazis|artifact|adventure,New Wave,Standard,1980s,1,Guidance,True,wonder,Action,False,m0118
IN-016,Rang De Basanti,"Drama, History",Patriotic Drama,Hindi,2006,167,8.1,Rakeysh Omprakash Mehra,"Aamir Khan, Siddharth, Sharman Joshi",India,College friends making a film on freedom fighters are moved to take on modern corruption.,"freedom fighters, youth, corruption, protest, documentary film",U/A,National Award Best Popular Film,movies_1.xlsx,1,Drama|History,Patriotic Drama,Aamir Khan|Siddharth|Sharman Joshi,Rakeysh Omprakash Mehra,freedom fighters|youth|corruption|protest|documentary film,2000s,Epic,2000s,1,Guidance,True,dark-and-gritty|social-lens,Drama,True,m0119
DR-035,Rear Window,Mystery/Thriller,Classic Suspense,English,1954,112,8.5,Alfred Hitchcock,"James Stewart, Grace Kelly, Raymond Burr",USA,A photographer confined to his apartment becomes convinced his neighbour committed a murder.,"voyeurism, neighbour, murder, apartment, hitchcock",PG,No major awards listed,movies_3.xlsx,1,Mystery|Thriller,Classic Suspense,James Stewart|Grace Kelly|Raymond Burr,Alfred Hitchcock,voyeurism|neighbour|murder|apartment|hitchcock,Classic,Standard,1950s,1,Guidance,False,edge-of-seat|dark-and-gritty,Mystery,False,m0120
MX-026,Roman Holiday,"Comedy, Romance",Classic Romance,English,1953,118,8.0,William Wyler,"Audrey Hepburn, Gregory Peck, Eddie Albert",USA,A runaway princess spends a day exploring Rome with an American reporter.,"rome, princess, reporter, classic, love",G,3 Academy Awards including Best Actress,movies_4.xlsx,1,Comedy|Romance,Classic Romance,Audrey Hepburn|Gregory Peck|Eddie Albert,William Wyler,rome|princess|reporter|classic|love,Classic,Standard,1950s,0,All ages,True,feel-good,Comedy,False,m0121
IN-039,Sardar Udham,"Biography, Drama, History",Period Biopic,Hindi,2021,162,8.4,Shoojit Sircar,"Vicky Kaushal, Banita Sandhu, Shaun Scott",India,The life of a revolutionary who travelled the world to avenge the Jallianwala Bagh massacre.,"jallianwala bagh, revolutionary, london, freedom fighter, revenge",Not rated,National Award Best Hindi Feature Film,movies_1.xlsx,1,Biography|Drama|History,Period Biopic,Vicky Kaushal|Banita Sandhu|Shaun Scott,Shoojit Sircar,jallianwala bagh|revolutionary|london|freedom fighter|revenge,Contemporary,Long,2020s,2,Teens,True,dark-and-gritty|epic-scale,Biography,True,m0122
DR-019,Saving Private Ryan,Drama/War,War Drama,English,1998,169,8.6,Steven Spielberg,"Tom Hanks, Matt Damon, Tom Sizemore",USA,"After D-Day, a squad is sent behind enemy lines to bring home a paratrooper whose brothers have died.","d-day, world war ii, rescue mission, soldiers, normandy",R,5 Academy Awards,movies_3.xlsx,1,Drama|War,War Drama,Tom Hanks|Matt Damon|Tom Sizemore,Steven Spielberg,d-day|world war ii|rescue mission|soldiers|normandy,The Nineties,Epic,1990s,4,Adults,True,epic-scale,Drama,False,m0123
DR-006,Schindler's List,Biography/Drama/History,Holocaust Drama,English,1993,195,9.0,Steven Spielberg,"Liam Neeson, Ben Kingsley, Ralph Fiennes",USA,A German industrialist saves more than a thousand Jewish workers during the Holocaust.,"holocaust, world war ii, factory, rescue, true story",R,7 Academy Awards including Best Picture,movies_3.xlsx,1,Biography|Drama|History,Holocaust Drama,Liam Neeson|Ben Kingsley|Ralph Fiennes,Steven Spielberg,holocaust|world war ii|factory|rescue|true story,The Nineties,Epic,1990s,4,Adults,True,epic-scale,Biography,False,m0124
DR-009,Se7en,Crime/Drama/Mystery/Thriller,Serial Killer Thriller,English,1995,127,8.6,David Fincher,"Brad Pitt, Morgan Freeman, Kevin Spacey",USA,Two detectives hunt a serial killer who stages murders around the seven deadly sins.,"serial killer, seven deadly sins, detective, dark, investigation",R,No major awards listed,movies_3.xlsx,1,Crime|Drama|Mystery|Thriller,Serial Killer Thriller,Brad Pitt|Morgan Freeman|Kevin Spacey,David Fincher,serial killer|seven deadly sins|detective|dark|investigation,The Nineties,Standard,1990s,4,Adults,False,dark-and-gritty|edge-of-seat,Crime,False,m0125
MX-044,Seven Samurai,"Action, Drama",Samurai Epic,Japanese,1954,207,8.6,Akira Kurosawa,"Toshiro Mifune, Takashi Shimura, Keiko Tsushima",Japan,A poor village hires seven masterless samurai to defend it from bandits.,"samurai, bandits, village, honour, kurosawa",Not rated,No major awards listed,movies_4.xlsx,1,Action|Drama,Samurai Epic,Toshiro Mifune|Takashi Shimura|Keiko Tsushima,Akira Kurosawa,samurai|bandits|village|honour|kurosawa,Classic,Epic,1950s,2,Teens,False,epic-scale,Action,False,m0126
IN-018,Sholay,"Action, Adventure, Comedy",Curry Western,Hindi,1975,204,8.1,Ramesh Sippy,"Amitabh Bachchan, Dharmendra, Sanjeev Kumar",India,A retired policeman hires two petty crooks to capture a ruthless bandit who terrorises a village.,"bandit, friendship, revenge, village, western",U/A,Filmfare Best Editing,movies_1.xlsx,1,Action|Adventure|Comedy,Curry Western,Amitabh Bachchan|Dharmendra|Sanjeev Kumar,Ramesh Sippy,bandit|friendship|revenge|village|western,New Wave,Epic,1970s,1,Guidance,True,feel-good|dark-and-gritty,Action,True,m0127
MX-013,Shrek,"Animation, Adventure, Comedy",Fairy Tale Parody,English,2001,90,7.9,Andrew Adamson;Vicky Jenson,"Mike Myers, Eddie Murphy, Cameron Diaz",USA,A grumpy ogre rescues a princess to get his swamp back and finds unexpected friendship.,"ogre, fairy tale, princess, donkey, parody",PG,Academy Award Best Animated Feature,movies_4.xlsx,1,Animation|Adventure|Comedy,Fairy Tale Parody,Mike Myers|Eddie Murphy|Cameron Diaz,Andrew Adamson|Vicky Jenson,ogre|fairy tale|princess|donkey|parody,2000s,Short,2000s,1,Guidance,True,wonder|feel-good,Animation,False,m0128
DR-012,Shutter Island,Mystery/Thriller,Psychological Mystery,English,2010,138,8.2,Martin Scorsese,"Leonardo DiCaprio, Mark Ruffalo, Ben Kingsley",USA,A U.S. marshal investigates a patient's disappearance from a remote island psychiatric hospital.,"asylum, island, marshal, conspiracy, twist",R,No major awards listed,movies_3.xlsx,1,Mystery|Thriller,Psychological Mystery,Leonardo DiCaprio|Mark Ruffalo|Ben Kingsley,Martin Scorsese,asylum|island|marshal|conspiracy|twist,2010s,Long,2010s,4,Adults,False,mind-bending|edge-of-seat,Mystery,False,m0129
MX-019,Singin' in the Rain,"Comedy, Musical, Romance",Classic Musical,English,1952,103,8.3,Stanley Donen & Gene Kelly,"Gene Kelly, Donald O'Connor, Debbie Reynolds",USA,Hollywood silent-film stars struggle to adapt when talking pictures arrive.,"hollywood, silent film, dance, musical, classic",G,No major awards listed,movies_4.xlsx,1,Comedy|Musical|Romance,Classic Musical,Gene Kelly|Donald O'Connor|Debbie Reynolds,Stanley Donen|Gene Kelly,hollywood|silent film|dance|musical|classic,Classic,Standard,1950s,0,All ages,False,feel-good,Comedy,False,m0130
HW-036,Skyfall,Action|Adventure|Thriller,Spy Action,English,2012,143,7.8,Sam Mendes,"Daniel Craig, Javier Bardem, Judi Dench",UK,James Bond is drawn back into action when MI6 is attacked and an old enemy targets M.,"james bond, spy, mi6, revenge, british",PG-13,2 Academy Awards,movies_2.xlsx,1,Action|Adventure|Thriller,Spy Action,Daniel Craig|Javier Bardem|Judi Dench,Sam Mendes,james bond|spy|mi6|revenge|british,2010s,Long,2010s,2,Teens,True,dark-and-gritty,Action,False,m0131
MX-009,Spider-Man: Into the Spider-Verse,"Animation, Action, Adventure",Superhero Animation,English,2018,117,8.4,Bob Persichetti;Peter Ramsey;Rodney Rothman,"Shameik Moore, Jake Johnson, Hailee Steinfeld",USA,Teen Miles Morales joins Spider-people from other dimensions to stop a threat to all realities.,"spider-man, multiverse, superhero, teen, marvel",PG,Academy Award Best Animated Feature,movies_4.xlsx,1,Animation|Action|Adventure,Superhero Animation,Shameik Moore|Jake Johnson|Hailee Steinfeld,Bob Persichetti|Peter Ramsey|Rodney Rothman,spider-man|multiverse|superhero|teen|marvel,2010s,Standard,2010s,1,Guidance,True,wonder,Animation,False,m0132
MX-004,Spirited Away,"Animation, Adventure, Fantasy",Anime Fantasy,Japanese,2001,125,8.6,Hayao Miyazaki,"Rumi Hiiragi, Miyu Irino, Mari Natsuki",Japan,A girl wanders into a spirit world and must work in a bathhouse to free her parents.,"spirit world, bathhouse, witch, studio ghibli, coming of age",PG,Academy Award Best Animated Feature,movies_4.xlsx,1,Animation|Adventure|Fantasy,Anime Fantasy,Rumi Hiiragi|Miyu Irino|Mari Natsuki,Hayao Miyazaki,spirit world|bathhouse|witch|studio ghibli|coming of age,2000s,Standard,2000s,1,Guidance,True,wonder|feel-good,Animation,False,m0133
HW-012,Star Wars: Episode IV - A New Hope,Action|Adventure|Fantasy,Space Opera,English,1977,121,8.6,George Lucas,"Mark Hamill, Harrison Ford, Carrie Fisher",USA,A farm boy joins a rebellion against a galactic empire and its planet-destroying superweapon.,"space opera, rebellion, jedi, empire, force",PG,6 Academy Awards,movies_2.xlsx,1,Action|Adventure|Fantasy,Space Opera,Mark Hamill|Harrison Ford|Carrie Fisher,George Lucas,space opera|rebellion|jedi|empire|force,New Wave,Standard,1970s,1,Guidance,True,epic-scale|wonder,Action,False,m0134
HW-013,Star Wars: Episode V - The Empire Strikes Back,Action|Adventure|Fantasy,Space Opera,English,1980,124,8.7,Irvin Kershner,"Mark Hamill, Harrison Ford, Carrie Fisher",USA,The rebels are scattered by the Empire while Luke seeks Jedi training and confronts a shocking truth.,"space opera, jedi, empire, rebellion, darth vader",PG,Academy Award Best Sound,movies_2.xlsx,1,Action|Adventure|Fantasy,Space Opera,Mark Hamill|Harrison Ford|Carrie Fisher,Irvin Kershner,space opera|jedi|empire|rebellion|darth vader,New Wave,Standard,1980s,1,Guidance,True,epic-scale|wonder,Action,False,m0135
IN-035,Stree,"Comedy, Horror",Horror Comedy,Hindi,2018,128,7.5,Amar Kaushik,"Rajkummar Rao, Shraddha Kapoor, Pankaj Tripathi",India,A small town is haunted by a ghost who abducts men during festival nights.,"ghost, small town, chanderi, folklore, comedy",Not rated,No major awards listed,movies_1.xlsx,1,Comedy|Horror,Horror Comedy,Rajkummar Rao|Shraddha Kapoor|Pankaj Tripathi,Amar Kaushik,ghost|small town|chanderi|folklore|comedy,2010s,Standard,2010s,2,Teens,False,,Comedy,True,m0136
IN-029,Super Deluxe,"Comedy, Drama, Crime",Anthology Black Comedy,Tamil,2019,176,8.4,Thiagarajan Kumararaja,"Vijay Sethupathi, Fahadh Faasil, Samantha Akkineni",India,"Four intertwined stories in a Chennai neighbourhood tangle chance, faith and unexpected twists.","anthology, chennai, black comedy, faith, unusual",A,No major awards listed,movies_1.xlsx,1,Comedy|Drama|Crime,Anthology Black Comedy,Vijay Sethupathi|Fahadh Faasil|Samantha Akkineni,Thiagarajan Kumararaja,anthology|chennai|black comedy|faith|unusual,2010s,Epic,2010s,4,Adults,False,,Comedy,True,m0137
MX-029,Superbad,Comedy,Teen Comedy,English,2007,113,7.6,Greg Mottola,"Jonah Hill, Michael Cera, Christopher Mintz-Plasse",USA,Two high school friends try to score alcohol for a party before graduation.,"high school, friendship, party, teenagers, coming of age",R,No major awards listed,movies_4.xlsx,1,Comedy,Teen Comedy,Jonah Hill|Michael Cera|Christopher Mintz-Plasse,Greg Mottola,high school|friendship|party|teenagers|coming of age,2000s,Standard,2000s,4,Adults,False,feel-good,Comedy,False,m0138
IN-015,Swades,Drama,Social Drama,Hindi,2004,189,8.2,Ashutosh Gowariker,"Shah Rukh Khan, Gayatri Joshi, Kishori Ballal",India,A NASA engineer returns to an Indian village and decides to bring electricity to it.,"nasa, village, electricity, nri, social change",U,No major awards listed,movies_1.xlsx,1,Drama,Social Drama,Shah Rukh Khan|Gayatri Joshi|Kishori Ballal,Ashutosh Gowariker,nasa|village|electricity|nri|social change,2000s,Epic,2000s,0,All ages,False,,Drama,True,m0139
IN-004,Taare Zameen Par,"Drama, Family",Family Drama,Hindi,2007,165,8.3,Aamir Khan,"Darsheel Safary, Aamir Khan, Tisca Chopra",India,A gifted but struggling schoolboy finds an understanding teacher who helps him discover his creative talent.,"child, art teacher, school, imagination, parenting",U,Filmfare Best Film,movies_1.xlsx,1,Drama|Family,Family Drama,Darsheel Safary|Aamir Khan|Tisca Chopra,Aamir Khan,child|art teacher|school|imagination|parenting,2000s,Long,2000s,0,All ages,True,wonder,Drama,True,m0140
DR-016,Tenet,Action/Sci-Fi/Thriller,Time Inversion Thriller,English,2020,150,7.3,Christopher Nolan,"John David Washington, Robert Pattinson, Elizabeth Debicki",USA,An operative manipulates the flow of time to prevent a catastrophe that could end the world.,"time inversion, espionage, world war, time travel, mind bending",PG-13,Academy Award Best Visual Effects,movies_3.xlsx,1,Action|Sci-Fi|Thriller,Time Inversion Thriller,John David Washington|Robert Pattinson|Elizabeth Debicki,Christopher Nolan,time inversion|espionage|world war|time travel|mind bending,Contemporary,Long,2020s,2,Teens,True,mind-bending|edge-of-seat|epic-scale,Action,False,m0141
HW-005,Terminator 2: Judgment Day,Action|Sci-Fi,Sci-Fi Action,English,1991,137,8.6,James Cameron,"Arnold Schwarzenegger, Linda Hamilton, Edward Furlong",USA,A reprogrammed cyborg protects a boy from a more advanced killing machine sent to end humanity's resistance.,"cyborg, time travel, artificial intelligence, future war, skynet",R,4 Academy Awards,movies_2.xlsx,1,Action|Sci-Fi,Sci-Fi Action,Arnold Schwarzenegger|Linda Hamilton|Edward Furlong,James Cameron,cyborg|time travel|artificial intelligence|future war|skynet,The Nineties,Long,1990s,4,Adults,True,epic-scale|mind-bending,Action,False,m0142
DR-041,The Conjuring,Horror/Mystery/Thriller,Haunted House Horror,English,2013,112,7.5,James Wan,"Vera Farmiga, Patrick Wilson, Lili Taylor",USA,Paranormal investigators help a family terrorised by a dark presence in their farmhouse.,"haunted house, paranormal, exorcism, demon, based on true story",R,No major awards listed,movies_3.xlsx,1,Horror|Mystery|Thriller,Haunted House Horror,Vera Farmiga|Patrick Wilson|Lili Taylor,James Wan,haunted house|paranormal|exorcism|demon|based on true story,2010s,Standard,2010s,4,Adults,False,,Horror,False,m0143
HW-001,The Dark Knight,Action|Crime|Drama,Superhero Crime,English,2008,152,9.0,Christopher Nolan,"Christian Bale, Heath Ledger, Aaron Eckhart",USA,"Batman faces the Joker, an anarchic criminal who pushes Gotham to the brink and tests the hero's limits.","batman, superhero, joker, gotham, crime, vigilante",PG-13,2 Academy Awards including Best Supporting Actor,movies_2.xlsx + movies_3.xlsx,2,Action|Crime|Drama,Superhero Crime,Christian Bale|Heath Ledger|Aaron Eckhart,Christopher Nolan,batman|superhero|joker|gotham|crime|vigilante,2000s,Long,2000s,2,Teens,True,dark-and-gritty,Action,False,m0144
DR-017,The Departed,Crime/Drama/Thriller,Undercover Crime,English,2006,151,8.5,Martin Scorsese,"Leonardo DiCaprio, Matt Damon, Jack Nicholson",USA,An undercover cop and a mole in the police force each try to unmask the other in Boston.,"undercover, mole, boston, irish mob, police",R,4 Academy Awards including Best Picture,movies_3.xlsx,1,Crime|Drama|Thriller,Undercover Crime,Leonardo DiCaprio|Matt Damon|Jack Nicholson,Martin Scorsese,undercover|mole|boston|irish mob|police,2000s,Long,2000s,4,Adults,True,dark-and-gritty,Crime,False,m0145
DR-043,The Exorcist,Horror,Possession Horror,English,1973,122,8.1,William Friedkin,"Ellen Burstyn, Max von Sydow, Linda Blair",USA,A mother seeks help from two priests when her young daughter appears to be possessed by a demon.,"possession, demon, priest, exorcism, faith",R,2 Academy Awards,movies_3.xlsx,1,Horror,Possession Horror,Ellen Burstyn|Max von Sydow|Linda Blair,William Friedkin,possession|demon|priest|exorcism|faith,New Wave,Standard,1970s,4,Adults,True,,Horror,False,m0146
DR-002,The Godfather,Crime/Drama,Mafia Saga,English,1972,175,9.2,Francis Ford Coppola,"Marlon Brando, Al Pacino, James Caan",USA,The ageing head of a crime dynasty hands control to his reluctant youngest son.,"mafia, family, power, italian american, organized crime",R,3 Academy Awards including Best Picture,movies_3.xlsx,1,Crime|Drama,Mafia Saga,Marlon Brando|Al Pacino|James Caan,Francis Ford Coppola,mafia|family|power|italian american|organized crime,New Wave,Epic,1970s,4,Adults,True,dark-and-gritty|epic-scale,Crime,False,m0147
DR-003,The Godfather Part II,Crime/Drama,Mafia Saga,English,1974,202,9.0,Francis Ford Coppola,"Al Pacino, Robert De Niro, Robert Duvall",USA,Michael Corleone tightens his grip on the family business while the young Vito's rise is retold.,"mafia, family, power, immigrant, organized crime",R,6 Academy Awards including Best Picture,movies_3.xlsx,1,Crime|Drama,Mafia Saga,Al Pacino|Robert De Niro|Robert Duvall,Francis Ford Coppola,mafia|family|power|immigrant|organized crime,New Wave,Epic,1970s,4,Adults,True,dark-and-gritty|epic-scale,Crime,False,m0148
MX-014,The Grand Budapest Hotel,"Adventure, Comedy, Crime",Quirky Comedy,English,2014,99,8.1,Wes Anderson,"Ralph Fiennes, F. Murray Abraham, Tony Revolori",Germany,A legendary concierge and his lobby boy get entangled in a theft and a fight over a fortune.,"hotel, concierge, heist, stylised, europe",R,4 Academy Awards,movies_4.xlsx,1,Adventure|Comedy|Crime,Quirky Comedy,Ralph Fiennes|F. Murray Abraham|Tony Revolori,Wes Anderson,hotel|concierge|heist|stylised|europe,2010s,Short,2010s,4,Adults,True,edge-of-seat,Adventure,False,m0149
MX-016,The Greatest Showman,"Biography, Drama, Musical",Musical Biopic,English,2017,105,7.5,Michael Gracey,"Hugh Jackman, Zac Efron, Zendaya",USA,The rise of P. T. Barnum from poverty to creating a spectacular circus show.,"circus, showman, musical, ambition, inspiration",PG,No major awards listed,movies_4.xlsx,1,Biography|Drama|Musical,Musical Biopic,Hugh Jackman|Zac Efron|Zendaya,Michael Gracey,circus|showman|musical|ambition|inspiration,2010s,Standard,2010s,1,Guidance,False,feel-good,Biography,False,m0150
DR-030,The Green Mile,Crime/Drama/Fantasy,Prison Fantasy Drama,English,1999,189,8.6,Frank Darabont,"Tom Hanks, Michael Clarke Duncan, David Morse",USA,A death row guard discovers that a gentle inmate possesses a miraculous gift.,"death row, prison guard, miracle, injustice, emotional",R,Nominated for 4 Academy Awards,movies_3.xlsx,1,Crime|Drama|Fantasy,Prison Fantasy Drama,Tom Hanks|Michael Clarke Duncan|David Morse,Frank Darabont,death row|prison guard|miracle|injustice|emotional,The Nineties,Epic,1990s,4,Adults,True,dark-and-gritty,Crime,False,m0151
MX-028,The Hangover,Comedy,Buddy Comedy,English,2009,100,7.7,Todd Phillips,"Bradley Cooper, Ed Helms, Zach Galifianakis",USA,Three friends wake up after a bachelor party in Las Vegas with no memory and a missing groom.,"las vegas, bachelor party, friends, mystery, crazy night",R,No major awards listed,movies_4.xlsx,1,Comedy,Buddy Comedy,Bradley Cooper|Ed Helms|Zach Galifianakis,Todd Phillips,las vegas|bachelor party|friends|mystery|crazy night,2000s,Short,2000s,4,Adults,False,feel-good,Comedy,False,m0152
DR-024,The Imitation Game,Biography/Drama/Thriller,Historical Biopic,English,2014,114,8.0,Morten Tyldum,"Benedict Cumberbatch, Keira Knightley, Matthew Goode",UK,Alan Turing leads a team of codebreakers to crack the Nazis' Enigma cipher.,"alan turing, enigma, codebreaking, world war ii, mathematician",PG-13,Academy Award Best Adapted Screenplay,movies_3.xlsx,1,Biography|Drama|Thriller,Historical Biopic,Benedict Cumberbatch|Keira Knightley|Matthew Goode,Morten Tyldum,alan turing|enigma|codebreaking|world war ii|mathematician,2010s,Standard,2010s,2,Teens,True,epic-scale,Biography,False,m0153
MX-037,The Intouchables,"Biography, Comedy, Drama",Feel-Good Drama,French,2011,112,8.5,Olivier Nakache & Eric Toledano,"Francois Cluzet, Omar Sy, Anne Le Ny",France,"A wealthy man who uses a wheelchair hires a young caregiver from the projects, and an unlikely friendship grows.","friendship, paris, caregiver, class, true story",R,No major awards listed,movies_4.xlsx,1,Biography|Comedy|Drama,Feel-Good Drama,Francois Cluzet|Omar Sy|Anne Le Ny,Olivier Nakache|Eric Toledano,friendship|paris|caregiver|class|true story,2010s,Standard,2010s,4,Adults,False,feel-good|social-lens,Biography,False,m0154
DR-027,The King's Speech,Biography/Drama/History,Historical Drama,English,2010,118,8.0,Tom Hooper,"Colin Firth, Geoffrey Rush, Helena Bonham Carter",UK,A future king works with an unconventional speech therapist to overcome his stammer before World War II.,"monarchy, speech therapist, king george vi, friendship, world war ii",R,4 Academy Awards including Best Picture,movies_3.xlsx,1,Biography|Drama|History,Historical Drama,Colin Firth|Geoffrey Rush|Helena Bonham Carter,Tom Hooper,monarchy|speech therapist|king george vi|friendship|world war ii,2010s,Standard,2010s,4,Adults,True,epic-scale|feel-good,Biography,False,m0155
MX-003,The Lion King,"Animation, Adventure, Drama",Musical Animation,English,1994,88,8.5,Roger Allers & Rob Minkoff,"Matthew Broderick, Jeremy Irons, James Earl Jones",USA,A young lion prince flees his kingdom after his father's murder and must return to claim his place.,"lion, africa, coming of age, betrayal, kingdom",G,2 Academy Awards,movies_4.xlsx,1,Animation|Adventure|Drama,Musical Animation,Matthew Broderick|Jeremy Irons|James Earl Jones,Roger Allers|Rob Minkoff,lion|africa|coming of age|betrayal|kingdom,The Nineties,Short,1990s,0,All ages,True,wonder|feel-good|epic-scale,Animation,False,m0156
HW-009,The Lord of the Rings: The Fellowship of the Ring,Adventure|Fantasy|Drama,Epic Fantasy,English,2001,178,8.9,Peter Jackson,"Elijah Wood, Ian McKellen, Viggo Mortensen",New Zealand,A young hobbit and eight companions set out to destroy a powerful ring before the Dark Lord regains it.,"middle earth, ring, wizard, quest, fellowship",PG-13,4 Academy Awards,movies_2.xlsx,1,Adventure|Fantasy|Drama,Epic Fantasy,Elijah Wood|Ian McKellen|Viggo Mortensen,Peter Jackson,middle earth|ring|wizard|quest|fellowship,2000s,Epic,2000s,2,Teens,True,wonder|epic-scale,Adventure,False,m0157
HW-010,The Lord of the Rings: The Return of the King,Adventure|Fantasy|Drama,Epic Fantasy,English,2003,201,9.0,Peter Jackson,"Elijah Wood, Viggo Mortensen, Ian McKellen",New Zealand,The final battle for Middle-earth begins as Frodo and Sam struggle to reach Mount Doom.,"middle earth, ring, war, quest, kingdom",PG-13,11 Academy Awards including Best Picture,movies_2.xlsx,1,Adventure|Fantasy|Drama,Epic Fantasy,Elijah Wood|Viggo Mortensen|Ian McKellen,Peter Jackson,middle earth|ring|war|quest|kingdom,2000s,Epic,2000s,2,Teens,True,epic-scale|wonder,Adventure,False,m0158
HW-032,The Martian,Adventure|Drama|Sci-Fi,Survival Sci-Fi,English,2015,144,8.0,Ridley Scott,"Matt Damon, Jessica Chastain, Chiwetel Ejiofor",USA,An astronaut stranded on Mars uses science and humour to survive while NASA plans a rescue.,"mars, astronaut, survival, botany, rescue",PG-13,Golden Globe Best Motion Picture (Musical or Comedy),movies_2.xlsx,1,Adventure|Drama|Sci-Fi,Survival Sci-Fi,Matt Damon|Jessica Chastain|Chiwetel Ejiofor,Ridley Scott,mars|astronaut|survival|botany|rescue,2010s,Long,2010s,2,Teens,True,edge-of-seat,Adventure,False,m0159
HW-004,The Matrix,Action|Sci-Fi,Cyberpunk Action,English,1999,136,8.7,Lana Wachowski & Lilly Wachowski,"Keanu Reeves, Laurence Fishburne, Carrie-Anne Moss",USA,A hacker discovers the world is a simulation and joins a rebellion against its machine rulers.,"simulation, hacker, virtual reality, chosen one, artificial intelligence",R,4 Academy Awards,movies_2.xlsx,1,Action|Sci-Fi,Cyberpunk Action,Keanu Reeves|Laurence Fishburne|Carrie-Anne Moss,Lana Wachowski|Lilly Wachowski,simulation|hacker|virtual reality|chosen one|artificial intelligence,The Nineties,Long,1990s,4,Adults,True,mind-bending,Action,False,m0160
MX-021,The Notebook,"Drama, Romance",Romantic Drama,English,2004,123,7.8,Nick Cassavetes,"Ryan Gosling, Rachel McAdams, James Garner",USA,A poor young man and a wealthy young woman fall in love in the 1940s while an elderly man reads their story.,"love story, 1940s, memory, summer romance, tearjerker",PG-13,No major awards listed,movies_4.xlsx,1,Drama|Romance,Romantic Drama,Ryan Gosling|Rachel McAdams|James Garner,Nick Cassavetes,love story|1940s|memory|summer romance|tearjerker,2000s,Standard,2000s,2,Teens,False,feel-good|mind-bending,Drama,False,m0161
DR-014,The Prestige,Drama/Mystery/Sci-Fi,Period Mystery,English,2006,130,8.5,Christopher Nolan,"Christian Bale, Hugh Jackman, Scarlett Johansson",UK,Two rival stage magicians in Victorian London wage an obsessive war to create the ultimate illusion.,"magicians, rivalry, obsession, twist, victorian london",PG-13,No major awards listed,movies_3.xlsx,1,Drama|Mystery|Sci-Fi,Period Mystery,Christian Bale|Hugh Jackman|Scarlett Johansson,Christopher Nolan,magicians|rivalry|obsession|twist|victorian london,2000s,Standard,2000s,2,Teens,False,epic-scale|mind-bending,Drama,False,m0162
DR-001,The Shawshank Redemption,Drama,Prison Drama,English,1994,142,9.3,Frank Darabont,"Tim Robbins, Morgan Freeman, Bob Gunton",USA,A banker wrongly convicted of murder forms a lasting friendship in prison and never gives up hope of freedom.,"prison, hope, friendship, wrongful conviction, escape",R,Nominated for 7 Academy Awards,movies_3.xlsx,1,Drama,Prison Drama,Tim Robbins|Morgan Freeman|Bob Gunton,Frank Darabont,prison|hope|friendship|wrongful conviction|escape,The Nineties,Long,1990s,4,Adults,True,dark-and-gritty|feel-good|edge-of-seat,Drama,False,m0163
DR-037,The Shining,Drama/Horror,Psychological Horror,English,1980,146,8.4,Stanley Kubrick,"Jack Nicholson, Shelley Duvall, Danny Lloyd",UK,A family caretaking a remote hotel over winter is menaced by sinister forces and the father's growing madness.,"haunted hotel, isolation, madness, stephen king, winter",R,No major awards listed,movies_3.xlsx,1,Drama|Horror,Psychological Horror,Jack Nicholson|Shelley Duvall|Danny Lloyd,Stanley Kubrick,haunted hotel|isolation|madness|stephen king|winter,New Wave,Long,1980s,4,Adults,False,mind-bending,Drama,False,m0164
DR-010,The Silence of the Lambs,Crime/Drama/Thriller,Psychological Thriller,English,1991,118,8.6,Jonathan Demme,"Jodie Foster, Anthony Hopkins, Scott Glenn",USA,An FBI trainee seeks help from an imprisoned cannibalistic psychiatrist to catch another killer.,"fbi, serial killer, cannibal, profiling, psychological",R,5 Academy Awards including Best Picture,movies_3.xlsx,1,Crime|Drama|Thriller,Psychological Thriller,Jodie Foster|Anthony Hopkins|Scott Glenn,Jonathan Demme,fbi|serial killer|cannibal|profiling|psychological,The Nineties,Standard,1990s,4,Adults,True,mind-bending|dark-and-gritty|edge-of-seat,Crime,False,m0165
DR-026,The Social Network,Biography/Drama,Tech Biopic,English,2010,120,7.8,David Fincher,"Jesse Eisenberg, Andrew Garfield, Justin Timberlake",USA,The founding of Facebook and the legal battles that followed among former friends.,"facebook, startup, harvard, lawsuit, friendship",PG-13,3 Academy Awards,movies_3.xlsx,1,Biography|Drama,Tech Biopic,Jesse Eisenberg|Andrew Garfield|Justin Timberlake,David Fincher,facebook|startup|harvard|lawsuit|friendship,2010s,Standard,2010s,2,Teens,True,feel-good,Biography,False,m0166
MX-018,The Sound of Music,"Biography, Drama, Family, Musical",Classic Musical,English,1965,172,8.1,Robert Wise,"Julie Andrews, Christopher Plummer, Eleanor Parker",USA,A young governess brings music to a widowed naval captain's children as war looms in Austria.,"governess, nazis, singing, family, austria",G,5 Academy Awards including Best Picture,movies_4.xlsx,1,Biography|Drama|Family|Musical,Classic Musical,Julie Andrews|Christopher Plummer|Eleanor Parker,Robert Wise,governess|nazis|singing|family|austria,Classic,Epic,1960s,0,All ages,True,feel-good,Biography,False,m0167
MX-032,The Truman Show,"Comedy, Drama, Sci-Fi",Satirical Drama,English,1998,103,8.2,Peter Weir,"Jim Carrey, Laura Linney, Ed Harris",USA,A man slowly discovers his entire life is a television show watched by millions.,"reality tv, simulation, freedom, media, paranoia",PG,No major awards listed,movies_4.xlsx,1,Comedy|Drama|Sci-Fi,Satirical Drama,Jim Carrey|Laura Linney|Ed Harris,Peter Weir,reality tv|simulation|freedom|media|paranoia,The Nineties,Standard,1990s,1,Guidance,False,mind-bending,Comedy,False,m0168
MX-020,Titanic,"Drama, Romance",Epic Romance,English,1997,194,7.9,James Cameron,"Leonardo DiCaprio, Kate Winslet, Billy Zane",USA,A young couple from different classes fall in love aboard the doomed ocean liner.,"titanic, shipwreck, love story, class, disaster",PG-13,11 Academy Awards including Best Picture,movies_4.xlsx,1,Drama|Romance,Epic Romance,Leonardo DiCaprio|Kate Winslet|Billy Zane,James Cameron,titanic|shipwreck|love story|class|disaster,The Nineties,Epic,1990s,2,Teens,True,feel-good|epic-scale|social-lens,Drama,False,m0169
HW-023,Top Gun: Maverick,Action|Drama,Aviation Action,English,2022,130,8.2,Joseph Kosinski,"Tom Cruise, Miles Teller, Jennifer Connelly",USA,A veteran pilot trains a squad of elite graduates for a dangerous mission that tests his past.,"fighter pilot, navy, training, mission, legacy",PG-13,Academy Award Best Sound,movies_2.xlsx,1,Action|Drama,Aviation Action,Tom Cruise|Miles Teller|Jennifer Connelly,Joseph Kosinski,fighter pilot|navy|training|mission|legacy,Contemporary,Standard,2020s,2,Teens,True,,Action,False,m0170
MX-001,Toy Story,"Animation, Adventure, Comedy",Computer Animation,English,1995,81,8.3,John Lasseter,"Tom Hanks, Tim Allen, Don Rickles",USA,A cowboy doll feels threatened when a flashy space ranger toy becomes his owner's new favourite.,"toys, friendship, jealousy, adventure, pixar",G,Special Achievement Academy Award,movies_4.xlsx,1,Animation|Adventure|Comedy,Computer Animation,Tom Hanks|Tim Allen|Don Rickles,John Lasseter,toys|friendship|jealousy|adventure|pixar,The Nineties,Short,1990s,0,All ages,True,wonder|feel-good,Animation,False,m0171
MX-043,Train to Busan,"Action, Horror, Thriller",Zombie Thriller,Korean,2016,118,7.6,Yeon Sang-ho,"Gong Yoo, Jung Yu-mi, Ma Dong-seok",South Korea,Passengers on a speeding train fight to survive a zombie outbreak sweeping South Korea.,"zombies, train, survival, father daughter, outbreak",Not rated,No major awards listed,movies_4.xlsx,1,Action|Horror|Thriller,Zombie Thriller,Gong Yoo|Jung Yu-mi|Ma Dong-seok,Yeon Sang-ho,zombies|train|survival|father daughter|outbreak,2010s,Standard,2010s,2,Teens,False,edge-of-seat|tearjerker,Action,False,m0172
IN-034,Tumbbad,"Horror, Fantasy, Drama",Folk Horror,Hindi,2018,104,8.2,Rahi Anil Barve,"Sohum Shah, Jyoti Malshe, Anita Date",India,A greedy man's search for hidden gold in a cursed village awakens a forgotten god.,"curse, greed, folklore, treasure, monsoon",Not rated,No major awards listed,movies_1.xlsx,1,Horror|Fantasy|Drama,Folk Horror,Sohum Shah|Jyoti Malshe|Anita Date,Rahi Anil Barve,curse|greed|folklore|treasure|monsoon,2010s,Standard,2010s,2,Teens,False,,Horror,True,m0173
MX-006,Up,"Animation, Adventure, Comedy",Family Adventure,English,2009,96,8.3,Pete Docter,"Ed Asner, Jordan Nagai, Christopher Plummer",USA,An elderly widower ties balloons to his house and sets off to South America with an eager young scout.,"balloons, adventure, friendship, grief, south america",PG,2 Academy Awards,movies_4.xlsx,1,Animation|Adventure|Comedy,Family Adventure,Ed Asner|Jordan Nagai|Christopher Plummer,Pete Docter,balloons|adventure|friendship|grief|south america,2000s,Short,2000s,1,Guidance,True,wonder|feel-good|tearjerker,Animation,False,m0174
IN-033,Uri: The Surgical Strike,"Action, War, Drama",Military Action,Hindi,2019,138,8.2,Aditya Dhar,"Vicky Kaushal, Yami Gautam, Paresh Rawal",India,"After a militant attack on an army base, a special forces officer leads a covert cross-border operation.","surgical strike, army, special forces, kashmir, patriotism",U/A,Four National Film Awards including Best Actor,movies_1.xlsx,1,Action|War|Drama,Military Action,Vicky Kaushal|Yami Gautam|Paresh Rawal,Aditya Dhar,surgical strike|army|special forces|kashmir|patriotism,2010s,Long,2010s,1,Guidance,True,,Action,True,m0175
IN-026,Vikram,"Action, Thriller",Action Thriller,Tamil,2022,175,8.3,Lokesh Kanagaraj,"Kamal Haasan, Vijay Sethupathi, Fahadh Faasil",India,A special agent investigates masked killers and uncovers a drug network linked to an old mission.,"special agent, drug cartel, masked killers, investigation, action",U/A,No major awards listed,movies_1.xlsx,1,Action|Thriller,Action Thriller,Kamal Haasan|Vijay Sethupathi|Fahadh Faasil,Lokesh Kanagaraj,special agent|drug cartel|masked killers|investigation|action,Contemporary,Epic,2020s,1,Guidance,False,edge-of-seat,Action,True,m0176
MX-008,WALL-E,"Animation, Adventure, Family",Sci-Fi Animation,English,2008,98,8.4,Andrew Stanton,"Ben Burtt, Elissa Knight, Jeff Garlin",USA,A lonely waste-collecting robot on abandoned Earth finds love and sets off to save humanity.,"robot, environment, space, love, future",G,Academy Award Best Animated Feature,movies_4.xlsx,1,Animation|Adventure|Family,Sci-Fi Animation,Ben Burtt|Elissa Knight|Jeff Garlin,Andrew Stanton,robot|environment|space|love|future,2000s,Short,2000s,0,All ages,True,wonder|epic-scale,Animation,False,m0177
MX-025,When Harry Met Sally...,"Comedy, Drama, Romance",Romantic Comedy,English,1989,96,7.6,Rob Reiner,"Billy Crystal, Meg Ryan, Carrie Fisher",USA,Two friends over twelve years ask whether men and women can ever be just friends.,"friendship, new york, romcom, relationship, dating",R,No major awards listed,movies_4.xlsx,1,Comedy|Drama|Romance,Romantic Comedy,Billy Crystal|Meg Ryan|Carrie Fisher,Rob Reiner,friendship|new york|romcom|relationship|dating,New Wave,Short,1980s,4,Adults,False,feel-good,Comedy,False,m0178
DR-045,Whiplash,Drama/Music,Music Drama,English,2014,106,8.5,Damien Chazelle,"Miles Teller, J. K. Simmons, Melissa Benoist",USA,A young jazz drummer is pushed to his limits by a ruthless conservatory instructor.,"jazz, drummer, mentor, obsession, ambition",R,3 Academy Awards,movies_3.xlsx,1,Drama|Music,Music Drama,Miles Teller|J. K. Simmons|Melissa Benoist,Damien Chazelle,jazz|drummer|mentor|obsession|ambition,2010s,Standard,2010s,4,Adults,True,,Drama,False,m0179
MX-051,Won't You Be My Neighbor?,"Documentary, Biography, Music",Biographical Documentary,English,2018,94,8.4,Morgan Neville,"Fred Rogers, Joanne Rogers, Yo-Yo Ma",USA,A portrait of Fred Rogers and his gentle children's television show.,"mister rogers, children television, kindness, education, biography",PG-13,No major awards listed,movies_4.xlsx,1,Documentary|Biography|Music,Biographical Documentary,Fred Rogers|Joanne Rogers|Yo-Yo Ma,Morgan Neville,mister rogers|children television|kindness|education|biography,2010s,Short,2010s,2,Teens,False,social-lens,Documentary,False,m0180
MX-010,Your Name,"Animation, Drama, Fantasy",Anime Romance,Japanese,2016,106,8.4,Makoto Shinkai,"Ryunosuke Kamiki, Mone Kamishiraishi, Ryo Narita",Japan,Two teenagers who mysteriously swap bodies try to find each other across time and distance.,"body swap, comet, romance, time, japan",PG,No major awards listed,movies_4.xlsx,1,Animation|Drama|Fantasy,Anime Romance,Ryunosuke Kamiki|Mone Kamishiraishi|Ryo Narita,Makoto Shinkai,body swap|comet|romance|time|japan,2010s,Standard,2010s,1,Guidance,False,feel-good|wonder,Animation,False,m0181
IN-006,Zindagi Na Milegi Dobara,"Comedy, Drama, Adventure",Road Trip Drama,Hindi,2011,155,8.2,Zoya Akhtar,"Hrithik Roshan, Farhan Akhtar, Abhay Deol",India,Three friends take a bachelor road trip across Spain and confront fears and old secrets along the way.,"road trip, friendship, spain, bachelor party, self discovery",U/A,Filmfare Best Film,movies_1.xlsx,1,Comedy|Drama|Adventure,Road Trip Drama,Hrithik Roshan|Farhan Akhtar|Abhay Deol,Zoya Akhtar,road trip|friendship|spain|bachelor party|self discovery,2010s,Long,2010s,1,Guidance,True,feel-good|wonder,Comedy,True,m0182
DR-033,Zodiac,Crime/Drama/Mystery/Thriller,Detective Thriller,English,2007,157,7.7,David Fincher,"Jake Gyllenhaal, Mark Ruffalo, Robert Downey Jr.",USA,"A cartoonist, a reporter and a detective obsess over identifying San Francisco's Zodiac killer.","zodiac killer, newspaper, san francisco, investigation, true story",R,No major awards listed,movies_3.xlsx,1,Crime|Drama|Mystery|Thriller,Detective Thriller,Jake Gyllenhaal|Mark Ruffalo|Robert Downey Jr.,David Fincher,zodiac killer|newspaper|san francisco|investigation|true story,2000s,Long,2000s,4,Adults,False,edge-of-seat,Crime,False,m0183
